"FPV.PJ","PRO","FR.PJ","Outros","date"
0.21630660743474,0.148338670275196,0.305254997158204,0.330099725131861,2014-03-15
0.216541402898467,0.148795183408858,0.304803089542786,0.329860324149889,2014-03-16
0.2167759079393,0.149252716196837,0.304351107531786,0.329620268332078,2014-03-17
0.21701011754051,0.149711257118212,0.303899070643411,0.329379554697867,2014-03-18
0.217244026727028,0.150170794534494,0.303446998369182,0.329138180369296,2014-03-19
0.217477630565977,0.150631316689484,0.302994910173527,0.328896142571012,2014-03-20
0.217710924167195,0.151092811709149,0.302542825493392,0.328653438630264,2014-03-21
0.217943902683761,0.151555267601503,0.302090763737847,0.32841006597689,2014-03-22
0.218176561312511,0.152018672256504,0.301638744287693,0.328166022143292,2014-03-23
0.218408895294554,0.152483013445966,0.301186786495084,0.327921304764397,2014-03-24
0.218640899915778,0.152948278823473,0.300734909683137,0.327675911577611,2014-03-25
0.21887257050736,0.153414455924315,0.300283133145563,0.327429840422762,2014-03-26
0.21910390244626,0.153881532165428,0.299831476146287,0.327183089242024,2014-03-27
0.219334891155722,0.154349494845355,0.299379957919081,0.326935656079841,2014-03-28
0.21956553210576,0.154818331144209,0.2989285976672,0.326687539082831,2014-03-29
0.219795820813647,0.155288028123652,0.298477414563018,0.326438736499683,2014-03-30
0.220025752844393,0.155758572726893,0.298026427747671,0.326189246681043,2014-03-31
0.220255323811221,0.156229951778685,0.297575656330711,0.325939068079384,2014-04-01
0.220484529376037,0.156702151985344,0.297125119389749,0.32568819924887,2014-04-02
0.220713365249895,0.157175159934779,0.296674835970119,0.325436638845207,2014-04-03
0.220941827193454,0.157648962096529,0.296224825084536,0.325184385625481,2014-04-04
0.221169911017433,0.158123544821816,0.295775105712767,0.324931438447985,2014-04-05
0.221397612583058,0.158598894343611,0.295325696801295,0.324677796272035,2014-04-06
0.221624927802503,0.159074996776713,0.294876617263005,0.324423458157778,2014-04-07
0.221851852639326,0.159551838117833,0.29442788597686,0.324168423265981,2014-04-08
0.2220783831089,0.160029404245699,0.293979521787587,0.323912690857814,2014-04-09
0.222304515278833,0.160507680921169,0.293531543505375,0.323656260294623,2014-04-10
0.222530245269389,0.160986653787356,0.29308396990557,0.323399131037685,2014-04-11
0.222755569253895,0.16146630836977,0.292636819728378,0.323141302647957,2014-04-12
0.222980483459151,0.161946630076462,0.292190111678575,0.322882774785812,2014-04-13
0.223204984165821,0.162427604198193,0.291743864425224,0.322623547210763,2014-04-14
0.223429067708828,0.162909215908605,0.291298096601392,0.322363619781175,2014-04-15
0.223652730477737,0.163391450264412,0.290852826803881,0.32210299245397,2014-04-16
0.223875968917133,0.163874292205595,0.29040807359296,0.321841665284312,2014-04-17
0.224098779526993,0.164357726555617,0.289963855492101,0.321579638425288,2014-04-18
0.224321158863046,0.164841738021648,0.289520190987731,0.321316912127576,2014-04-19
0.22454310353713,0.165326311194796,0.289077098528976,0.321053486739098,2014-04-20
0.224764610217543,0.165811430550362,0.288634596527427,0.320789362704667,2014-04-21
0.224985675629384,0.166297080448097,0.2881927033569,0.320524540565619,2014-04-22
0.225206296554884,0.166783245132474,0.287751437353209,0.320259020959433,2014-04-23
0.225426469833739,0.167269908732975,0.287310816813944,0.319992804619342,2014-04-24
0.225646192363421,0.167757055264388,0.286870859998256,0.319725892373935,2014-04-25
0.225865461099495,0.168244668627114,0.286431585126652,0.319458285146739,2014-04-26
0.226084273055922,0.16873273260749,0.28599301038079,0.319189983955798,2014-04-27
0.22630262530535,0.169221230878121,0.285555153903287,0.318920989913242,2014-04-28
0.226520514979409,0.169710146998226,0.285118033797532,0.318651304224833,2014-04-29
0.226737939268981,0.170199464413996,0.284681668127509,0.318380928189515,2014-04-30
0.226954895424481,0.170689166458957,0.284246074917622,0.318109863198941,2014-05-01
0.227171380756112,0.17117923635436,0.283811272152532,0.317838110736996,2014-05-02
0.227387392634127,0.171669657209566,0.283377277777001,0.317565672379306,2014-05-03
0.227602928489068,0.172160412022452,0.282944109695742,0.317292549792738,2014-05-04
0.227817985812008,0.172651483679829,0.282511785773278,0.317018744734885,2014-05-05
0.228032562154781,0.173142854957869,0.282080323833808,0.316744259053543,2014-05-06
0.228246655130199,0.173634508522541,0.28164974166108,0.31646909468618,2014-05-07
0.228460262412266,0.174126426930067,0.281220056998277,0.31619325365939,2014-05-08
0.228673381736384,0.174618592627378,0.280791287547905,0.315916738088334,2014-05-09
0.228886010899539,0.175110987952592,0.28036345097169,0.315639550176179,2014-05-10
0.229098147760495,0.175603595135498,0.27993656489049,0.315361692213517,2014-05-11
0.229309790239963,0.176096396298052,0.279510646884203,0.315083166577782,2014-05-12
0.229520936320775,0.176589373454881,0.279085714491698,0.314803975732646,2014-05-13
0.229731584048033,0.177082508513807,0.278661785210741,0.314524122227418,2014-05-14
0.229941731529269,0.177575783276373,0.27823887649794,0.314243608696419,2014-05-15
0.230151376934571,0.178069179438383,0.27781700576869,0.313962437858356,2014-05-16
0.230360518496725,0.178562678590456,0.277396190397135,0.313680612515684,2014-05-17
0.230569154511328,0.179056262218586,0.276976447716132,0.313398135553954,2014-05-18
0.230777283336901,0.179549911704714,0.276557795017229,0.313115009941155,2014-05-19
0.230984903394991,0.180043608327317,0.276140249550647,0.312831238727045,2014-05-20
0.231192013170262,0.180537333261992,0.275723828525275,0.312546825042471,2014-05-21
0.231398611210577,0.181031067582073,0.275308549108672,0.312261772098678,2014-05-22
0.231604696127071,0.181524792259234,0.27489442842708,0.311976083186616,2014-05-23
0.231810266594211,0.182018488164123,0.274481483565443,0.311689761676223,2014-05-24
0.232015321349853,0.182512136066993,0.274069731567439,0.311402811015715,2014-05-25
0.23221985919528,0.183005716638349,0.273659189435519,0.311115234730851,2014-05-26
0.232423878995238,0.183499210449602,0.273249874130957,0.310827036424203,2014-05-27
0.232627379677955,0.183992597973737,0.272841802573906,0.310538219774402,2014-05-28
0.232830360235158,0.184485859585986,0.272434991643468,0.310248788535388,2014-05-29
0.233032819722072,0.184978975564513,0.272029458177772,0.309958746535643,2014-05-30
0.233234757257413,0.18547192609111,0.271625218974062,0.309668097677415,2014-05-31
0.233436172023371,0.185964691251899,0.271222290788791,0.309376845935939,2014-06-01
0.23363706326558,0.186457251038048,0.270820690337731,0.309084995358642,2014-06-02
0.233837430293081,0.186949585346489,0.270420434296087,0.308792550064343,2014-06-03
0.234037272478272,0.187441673980657,0.270021539298627,0.308499514242443,2014-06-04
0.234236589256849,0.187933496651223,0.269624021939817,0.308205892152112,2014-06-05
0.234435380127733,0.188425032976848,0.269227898773966,0.307911688121452,2014-06-06
0.234633644652997,0.188916262484943,0.268833186315386,0.307616906546674,2014-06-07
0.234831382457767,0.18940716461243,0.268439901038556,0.307321551891247,2014-06-08
0.235028593230125,0.189897718706527,0.2680480593783,0.307025628685048,2014-06-09
0.235225276720997,0.190387904025523,0.267657677729975,0.306729141523505,2014-06-10
0.235421432744028,0.190877699739577,0.267268772449668,0.306432095066727,2014-06-11
0.235617061175448,0.191367084931516,0.266881359854404,0.306134494038631,2014-06-12
0.235812161953934,0.191856038597646,0.266495456222364,0.305836343226056,2014-06-13
0.236006735080447,0.192344539648564,0.266111077793112,0.305537647477876,2014-06-14
0.236200780618072,0.192832566909991,0.265728240767839,0.305238411704098,2014-06-15
0.23639429869184,0.193320099123596,0.265346961309606,0.304938640874958,2014-06-16
0.236587289488537,0.193807114947843,0.264967255543611,0.304638340020009,2014-06-17
0.236779753256515,0.194293592958833,0.264589139557454,0.304337514227198,2014-06-18
0.236971690305475,0.194779511651163,0.264212629401421,0.304036168641942,2014-06-19
0.237163101006247,0.195264849438785,0.263837741088777,0.30373430846619,2014-06-20
0.237353985790567,0.195749584655879,0.263464490596067,0.303431938957487,2014-06-21
0.237544345150826,0.196233695557725,0.263092893863431,0.303129065428018,2014-06-22
0.237734179639825,0.196717160321588,0.262722966794925,0.302825693243661,2014-06-23
0.237923489870506,0.197199957047608,0.262354725258861,0.302521827823024,2014-06-24
0.23811227651568,0.197682063759696,0.26198818508815,0.302217474636474,2014-06-25
0.238300540307741,0.198163458406435,0.261623362080659,0.301912639205165,2014-06-26
0.238488282038369,0.198644118861991,0.261260271999579,0.301607327100061,2014-06-27
0.238675502558224,0.199124022927027,0.260898930573803,0.301301543940946,2014-06-28
0.238862202776622,0.199603148329626,0.260539353498319,0.300995295395432,2014-06-29
0.239048383661215,0.200081472726215,0.260181556434605,0.300688587177965,2014-06-30
0.239234046237639,0.2005589737025,0.259825555011045,0.300381425048815,2014-07-01
0.23941919158917,0.201035628774403,0.259471364823352,0.300073814813075,2014-07-02
0.239603820856357,0.201511415389007,0.259119001434997,0.299765762319639,2014-07-03
0.239787935236651,0.201986310925505,0.258768480377659,0.299457273460184,2014-07-04
0.239971535984016,0.202460292696154,0.25841981715168,0.299148354168149,2014-07-05
0.240154624408536,0.202933337947236,0.258073027226528,0.298839010417699,2014-07-06
0.240337201876006,0.20340542386002,0.257728126041282,0.298529248222692,2014-07-07
0.240519269807512,0.203876527551733,0.257385129005115,0.29821907363564,2014-07-08
0.240700829679005,0.204346626076536,0.257044051497798,0.297908492746661,2014-07-09
0.240881883020857,0.204815696426498,0.256704908870213,0.297597511682433,2014-07-10
0.241062431417409,0.205283715532584,0.256367716444871,0.297286136605136,2014-07-11
0.241242476506512,0.205750660265637,0.256032489516454,0.296974373711397,2014-07-12
0.241422019979047,0.206216507437375,0.255699243352351,0.296662229231227,2014-07-13
0.241601063578443,0.206681233801385,0.255367993193224,0.296349709426948,2014-07-14
0.241779609100181,0.207144816054118,0.255038754253569,0.296036820592133,2014-07-15
0.241957658391282,0.207607230835899,0.254711541722299,0.295723569050519,2014-07-16
0.242135213349796,0.208068454731931,0.254386370763334,0.295409961154938,2014-07-17
0.242312275924264,0.208528464273304,0.254063256516202,0.29509600328623,2014-07-18
0.242488848113182,0.20898723593801,0.253742214096654,0.294781701852154,2014-07-19
0.242664931964447,0.209444746151961,0.253423258597283,0.294467063286308,2014-07-20
0.242840529574795,0.20990097129001,0.25310640508817,0.294152094047025,2014-07-21
0.243015643089225,0.210355887676971,0.252791668617519,0.293836800616286,2014-07-22
0.243190274700413,0.210809471588647,0.252479064212324,0.293521189498615,2014-07-23
0.243364426648121,0.211261699252863,0.252168606879037,0.29320526721998,2014-07-24
0.24353810121858,0.21171254685049,0.251860311604244,0.292889040326685,2014-07-25
0.243711300743881,0.212161990516486,0.251554193355366,0.292572515384267,2014-07-26
0.243884027601338,0.212610006340928,0.251250267081352,0.292255698976382,2014-07-27
0.244056284212851,0.213056570370056,0.250948547713403,0.291938597703689,2014-07-28
0.244228073044252,0.21350165860731,0.250649050165695,0.291621218182743,2014-07-29
0.244399396604644,0.213945247014374,0.250351789336114,0.291303567044868,2014-07-30
0.244570257445726,0.214387311512222,0.250056780107007,0.290985650935045,2014-07-31
0.244740658161106,0.214827827982169,0.249764037345941,0.290667476510784,2014-08-01
0.244910601385609,0.215266772266913,0.249473575906478,0.290349050441,2014-08-02
0.245080089794567,0.215704120171591,0.24918541062895,0.290030379404893,2014-08-03
0.245249126103101,0.216139847464828,0.24889955634126,0.289711470090811,2014-08-04
0.245417713065394,0.216573929879794,0.248616027859681,0.28939232919513,2014-08-05
0.245585853473949,0.217006343115258,0.248334839989678,0.289072963421115,2014-08-06
0.245753550158838,0.217437062836641,0.248056007526731,0.288753379477791,2014-08-07
0.24592080598694,0.217866064677079,0.247779545257173,0.288433584078808,2014-08-08
0.24608762386117,0.21829332423848,0.247505467959045,0.288113583941306,2014-08-09
0.246254006719692,0.218718817092579,0.24723379040295,0.287793385784779,2014-08-10
0.246419957535127,0.219142518782008,0.24696452735293,0.287472996329935,2014-08-11
0.246585479313744,0.219564404821349,0.246697693567346,0.287152422297561,2014-08-12
0.246750575094648,0.219984450698198,0.246433303799774,0.286831670407379,2014-08-13
0.246915247948948,0.220402631874233,0.24617137279991,0.286510747376909,2014-08-14
0.247079500978919,0.220818923786271,0.245911915314485,0.286189659920325,2014-08-15
0.247243337317154,0.221233301847336,0.245654946088192,0.285868414747317,2014-08-16
0.247406760125706,0.221645741447721,0.245400479864629,0.285547018561945,2014-08-17
0.247569772595209,0.222056217956055,0.245148531387239,0.285225478061496,2014-08-18
0.247732377944007,0.222464706720368,0.244899115400281,0.284903799935345,2014-08-19
0.247894579417249,0.222871183069153,0.244652246649792,0.284581990863806,2014-08-20
0.248056380285996,0.223275622312438,0.244407939884574,0.284260057516992,2014-08-21
0.248217783846299,0.223677999742845,0.244166209857185,0.283938006553671,2014-08-22
0.248378793418278,0.22407829063666,0.243927071324945,0.283615844620118,2014-08-23
0.248539412345181,0.224476470254897,0.243690539050946,0.283293578348977,2014-08-24
0.248699643992442,0.224872513844366,0.243456627805081,0.282971214358111,2014-08-25
0.24885949174672,0.225266396638735,0.24322535236508,0.282648759249465,2014-08-26
0.249018959014931,0.2256580938596,0.242996727517552,0.282326219607916,2014-08-27
0.249178049223268,0.226047580717547,0.24277076805905,0.282003602000135,2014-08-28
0.249336770097153,0.226434838153516,0.242547478702568,0.281680913046762,2014-08-29
0.249495146481751,0.226819870099689,0.242326823826563,0.281358159591998,2014-08-30
0.249653207461647,0.227202686326861,0.242108757813481,0.281035348398011,2014-08-31
0.249810982075313,0.227583296712997,0.241893235149982,0.280712486061707,2014-09-01
0.249968499315938,0.227961711242233,0.241680210424547,0.280389579017282,2014-09-02
0.250125788132278,0.228337940003885,0.241469638325115,0.280066633538722,2014-09-03
0.250282877429515,0.228711993191456,0.241261473636759,0.27974365574227,2014-09-04
0.250439796070133,0.229083881101636,0.241055671239389,0.279420651588842,2014-09-05
0.250596572874795,0.2294536141333,0.240852186105497,0.279097626886407,2014-09-06
0.250753236623241,0.229821202786507,0.24065097329793,0.278774587292322,2014-09-07
0.250909816055191,0.230186657661487,0.2404519879677,0.278451538315622,2014-09-08
0.251066339871259,0.230549989457634,0.240255185351832,0.278128485319275,2014-09-09
0.251222836733879,0.230911208972489,0.240060520771246,0.277805433522386,2014-09-10
0.251379335268234,0.231270327100721,0.239867949628673,0.277482388002372,2014-09-11
0.251535864063202,0.2316273548331,0.239677427406613,0.277159353697085,2014-09-12
0.251692451672307,0.231982303255473,0.239488909665324,0.276836335406896,2014-09-13
0.251849126614675,0.232335183547723,0.239302352040856,0.276513337796746,2014-09-14
0.252005917376,0.232686006982738,0.239117710243115,0.276190365398147,2014-09-15
0.252162852409522,0.233034784925359,0.238934940053972,0.275867422611147,2014-09-16
0.252319960137006,0.233381528831332,0.238753997325406,0.275544513706255,2014-09-17
0.25247726894973,0.233726250246253,0.238574837977687,0.275221642826329,2014-09-18
0.252634807209479,0.234068960804504,0.238397417997602,0.274898813988415,2014-09-19
0.252792603249545,0.234409672228181,0.238221693436714,0.27457603108556,2014-09-20
0.252950685375734,0.234748396326022,0.238047620409669,0.274253297888575,2014-09-21
0.253109081867379,0.23508514499232,0.237875155092536,0.273930618047765,2014-09-22
0.253267820978354,0.235419930205835,0.237704253721193,0.273607995094618,2014-09-23
0.253426930938096,0.235752764028696,0.237534872589753,0.273285432443455,2014-09-24
0.253586439952633,0.236083658605294,0.237366968049026,0.272962933393047,2014-09-25
0.25374637620561,0.236412626161169,0.237200496505033,0.272640501128188,2014-09-26
0.25390676785933,0.236739679001887,0.237035414417552,0.272318138721231,2014-09-27
0.254067643055782,0.237064829511913,0.236871678298714,0.271995849133591,2014-09-28
0.25422902991769,0.237388090153468,0.236709244711633,0.271673635217208,2014-09-29
0.254390956549553,0.237709473465385,0.236548070269091,0.271351499715971,2014-09-30
0.25455345103869,0.238028992061949,0.236388111632251,0.271029445267109,2014-10-01
0.254716541456294,0.238346658631731,0.236229325509431,0.270707474402544,2014-10-02
0.254880255858474,0.238662485936416,0.236071668654903,0.270385589550207,2014-10-03
0.255044622287318,0.238976486809611,0.235915097867754,0.270063793035317,2014-10-04
0.255209668771938,0.239288674155656,0.235759569990775,0.26974208708163,2014-10-05
0.255375423329531,0.239599060948414,0.235605041909411,0.269420473812645,2014-10-06
0.255541913966431,0.239907660230054,0.235451470550737,0.269098955252778,2014-10-07
0.255709168679169,0.240214485109828,0.235298812882501,0.268777533328502,2014-10-08
0.25587721545553,0.24051954876283,0.23514702591219,0.26845620986945,2014-10-09
0.256046082275608,0.240822864428747,0.23499606668616,0.268134986609485,2014-10-10
0.256215797112863,0.241124445410601,0.234845892288802,0.267813865187734,2014-10-11
0.25638638793518,0.241424305073475,0.234696459841756,0.267492847149589,2014-10-12
0.256557882705925,0.24172245684323,0.23454772650317,0.267171933947675,2014-10-13
0.256730309384994,0.24201891420521,0.234399649467015,0.266851126942782,2014-10-14
0.256903695929874,0.242313690702935,0.23425218596243,0.266530427404761,2014-10-15
0.257078070296693,0.242606799936777,0.234105293253133,0.266209836513398,2014-10-16
0.257253460441264,0.242898255562634,0.233958928636862,0.26588935535924,2014-10-17
0.257429894320142,0.243188071290579,0.233813049444879,0.2655689849444,2014-10-18
0.257607399891664,0.243476260883504,0.233667613041511,0.265248726183321,2014-10-19
0.257786005116991,0.243762838155748,0.233522576823743,0.264928579903518,2014-10-20
0.257965737961154,0.244047816971713,0.233377898220862,0.264608546846271,2014-10-21
0.258146626394084,0.244331211244464,0.233233534694143,0.264288627667309,2014-10-22
0.25832869839165,0.244613034934318,0.233089443736594,0.263968822937439,2014-10-23
0.258511981936686,0.244893302047416,0.232945582872738,0.263649133143161,2014-10-24
0.258696505020017,0.245172026634286,0.232801909658454,0.263329558687243,2014-10-25
0.258882295641482,0.245449222788385,0.232658381680864,0.263010099889269,2014-10-26
0.259069381810948,0.245724904644631,0.232514956558268,0.262690756986153,2014-10-27
0.259257791549323,0.245999086377917,0.232371591940135,0.262371530132626,2014-10-28
0.259447552889564,0.246271782201616,0.232228245507133,0.262052419401687,2014-10-29
0.259638693877675,0.246543006366063,0.232084874971227,0.261733424785035,2014-10-30
0.259831242573707,0.246812773157028,0.231941438075809,0.261414546193457,2014-10-31
0.260025227052741,0.247081096894169,0.231797892595891,0.261095783457199,2014-11-01
0.260220675405879,0.247347991929473,0.231654196338348,0.2607771363263,2014-11-02
0.260417615741214,0.247613472645679,0.231510307142206,0.260458604470901,2014-11-03
0.260616076184804,0.247877553454684,0.23136618287899,0.260140187481521,2014-11-04
0.260816084881633,0.248140248795937,0.231221781453119,0.259821884869311,2014-11-05
0.261017669996568,0.248401573134809,0.231077060802351,0.259503696066272,2014-11-06
0.261220859715301,0.248661540960958,0.230931978898291,0.25918562042545,2014-11-07
0.261425682245297,0.248920166786662,0.230786493746935,0.258867657221106,2014-11-08
0.261632165816716,0.249177465145152,0.230640563389286,0.258549805648845,2014-11-09
0.261840338683344,0.24943345058891,0.230494145902006,0.25823206482574,2014-11-10
0.2620502291235,0.249688137687967,0.230347199398131,0.257914433790402,2014-11-11
0.262261865440941,0.249941541028172,0.230199682027838,0.25759691150305,2014-11-12
0.26247527596576,0.250193675209444,0.230051551979265,0.257279496845531,2014-11-13
0.262690489055268,0.250444554844013,0.229902767479386,0.256962188621333,2014-11-14
0.262907533094869,0.250694194554638,0.229753286794936,0.256644985555558,2014-11-15
0.263126436498921,0.250942608972805,0.229603068233398,0.256327886294876,2014-11-16
0.263347227711594,0.251189812736912,0.229452070144041,0.256010889407454,2014-11-17
0.263569935207708,0.251435820490431,0.229300250919008,0.255693993382853,2014-11-18
0.263794587493562,0.251680646880056,0.22914756899447,0.255377196631912,2014-11-19
0.264021213107758,0.251924306553823,0.228993982851825,0.255060497486594,2014-11-20
0.264249840621997,0.252166814159224,0.228839451018962,0.254743894199816,2014-11-21
0.264480498641882,0.252408184341292,0.228683932071572,0.254427384945255,2014-11-22
0.264713215807689,0.252648431740667,0.228527384634521,0.254110967817123,2014-11-23
0.264948020795143,0.252887570991651,0.228369767383279,0.253794640829927,2014-11-24
0.265184942316162,0.25312561672023,0.228211039045406,0.253478401918202,2014-11-25
0.2654240091196,0.253362583542091,0.228051158402089,0.253162248936219,2014-11-26
0.265665249991974,0.253598486060607,0.227890084289746,0.252846179657673,2014-11-27
0.265908693758166,0.253833338864807,0.227727775601679,0.252530191775348,2014-11-28
0.266154369282123,0.254067156527326,0.227564191289791,0.25221428290076,2014-11-29
0.266402305467534,0.254299953602333,0.227399290366355,0.251898450563779,2014-11-30
0.26665253125849,0.25453174462344,0.227233031905846,0.251582692212224,2014-12-01
0.266905075640132,0.25476254410159,0.227065375046829,0.251267005211449,2014-12-02
0.267159967639279,0.254992366522919,0.226896278993909,0.250951386843893,2014-12-03
0.267417236325037,0.255221226346608,0.226725703019733,0.250635834308621,2014-12-04
0.267676910809399,0.255449138002703,0.226553606467057,0.250320344720841,2014-12-05
0.267939020247811,0.255676115889917,0.226379948750873,0.250004915111398,2014-12-06
0.268203593839738,0.255902174373415,0.226204689360592,0.249689542426254,2014-12-07
0.268470660829194,0.256127327782573,0.226027787862289,0.249374223525944,2014-12-08
0.268740250505264,0.256351590408713,0.225849203901005,0.249058955185019,2014-12-09
0.2690123922026,0.256574976502822,0.225668897203118,0.24874373409146,2014-12-10
0.269287115301901,0.256797500273246,0.225486827578764,0.248428556846088,2014-12-11
0.269564449230365,0.257019175883364,0.225302954924327,0.248113419961945,2014-12-12
0.269844423462127,0.257240017449231,0.225117239224982,0.24779831986366,2014-12-13
0.270127067518672,0.257460039037214,0.224929640557312,0.247483252886802,2014-12-14
0.270412410969221,0.257679254661592,0.224740119091973,0.247168215277215,2014-12-15
0.270700483431104,0.257897678282138,0.22454863509643,0.246853203190328,2014-12-16
0.2709913145701,0.258115323801683,0.224355148937751,0.246538212690466,2014-12-17
0.271284934100757,0.258332205063647,0.224159621085467,0.24622323975013,2014-12-18
0.271581371786689,0.258548335849557,0.223962012114489,0.245908280249266,2014-12-19
0.271880657440842,0.258763729876537,0.223762282708093,0.245593329974528,2014-12-20
0.272182820925745,0.258978400794774,0.223560393660968,0.245278384618513,2014-12-21
0.272487892153719,0.259192362184964,0.223356305882323,0.244963439778994,2014-12-22
0.272795901087076,0.259405627555733,0.223149980399064,0.244648490958128,2014-12-23
0.273106877738277,0.259618210341033,0.222941378359026,0.244333533561665,2014-12-24
0.273420852170071,0.259830123897517,0.222730461034281,0.244018562898131,2014-12-25
0.273737854495604,0.26004138150189,0.222517189824499,0.243703574178007,2014-12-26
0.274057914878489,0.260251996348235,0.222301526260381,0.243388562512894,2014-12-27
0.274381063532864,0.260461981545317,0.222083432007153,0.243073522914667,2014-12-28
0.274707330723402,0.260671350113858,0.221862868868125,0.242758450294616,2014-12-29
0.275036746765302,0.260880114983798,0.221639798788318,0.242443339462581,2014-12-30
0.275369342024244,0.261088288991524,0.221414183858157,0.242128185126075,2014-12-31
0.275705146916307,0.261295884877075,0.221185986317223,0.241812981889395,2015-01-01
0.276044191907866,0.261502915281326,0.220955168558077,0.241497724252731,2015-01-02
0.27638650751544,0.261709392743151,0.22072169313015,0.241182406611259,2015-01-03
0.27673212430552,0.261915329696553,0.220485522743693,0.240867023254234,2015-01-04
0.277081072894352,0.262120738467775,0.220246620273806,0.240551568364067,2015-01-05
0.277433383947691,0.26232563127239,0.220004948764516,0.240236036015403,2015-01-06
0.277789088180512,0.26253002021236,0.219760471432938,0.239920420174189,2015-01-07
0.278148216356688,0.262733917273076,0.219513151673494,0.239604714696741,2015-01-08
0.278510799288633,0.26293733432037,0.219262953062202,0.239288913328796,2015-01-09
0.278876867836898,0.263140283097505,0.219009839361028,0.23897300970457,2015-01-10
0.279246452909735,0.263342775222141,0.218753774522315,0.238656997345809,2015-01-11
0.279619585462622,0.263544822183276,0.218494722693269,0.238340869660833,2015-01-12
0.279996296497736,0.263746435338162,0.218232648220517,0.238024619943585,2015-01-13
0.280376617063398,0.2639476259092,0.217967515654735,0.237708241372666,2015-01-14
0.28076057825347,0.264148404980804,0.217699289755342,0.237391727010384,2015-01-15
0.281148211206703,0.264348783496252,0.217427935495255,0.237075069801791,2015-01-16
0.281539547106053,0.264548772254498,0.217153418065729,0.236758262573719,2015-01-17
0.281934617177945,0.264748381906979,0.216875702881245,0.236441298033831,2015-01-18
0.282333452691489,0.26494762295438,0.21659475558448,0.236124168769651,2015-01-19
0.282736084957655,0.265146505743384,0.216310542051342,0.235806867247619,2015-01-20
0.2831425453284,0.265345040463402,0.216023028396069,0.235489385812129,2015-01-21
0.283552865195745,0.265543237143269,0.2157321809764,0.235171716684586,2015-01-22
0.283967075990804,0.265741105647928,0.215437966398814,0.234853851962454,2015-01-23
0.284385209182764,0.26593865567508,0.215140351523836,0.23453578361832,2015-01-24
0.284807296277813,0.26613589675182,0.21483930347141,0.234217503498957,2015-01-25
0.285233368818018,0.266332838231244,0.214534789626346,0.233899003324392,2015-01-26
0.28566345838015,0.266529489289038,0.214226777643825,0.233580274686988,2015-01-27
0.286097596574457,0.266725858920036,0.21391523545498,0.233261309050526,2015-01-28
0.286535815043382,0.266921955934768,0.213600131272545,0.232942097749305,2015-01-29
0.286978145460221,0.267117788955978,0.213281433596562,0.232622631987239,2015-01-30
0.287424619527741,0.267313366415116,0.212959111220168,0.232302902836976,2015-01-31
0.287875268976719,0.267508696548821,0.21263313323544,0.23198290123902,2015-02-01
0.288330125564443,0.26770378739537,0.212303469039314,0.231662618000873,2015-02-02
0.288789221073142,0.267898646791114,0.211970088339563,0.231342043796181,2015-02-03
0.289252587308366,0.268093282366888,0.21163296116085,0.231021169163897,2015-02-04
0.289720256097294,0.268287701544404,0.211292057850838,0.230699984507465,2015-02-05
0.290192259286993,0.268481911532624,0.210947349086376,0.230378480094007,2015-02-06
0.290668628742605,0.26867591932411,0.210598805879744,0.23005664605354,2015-02-07
0.291149396345481,0.268869731691356,0.210246399584965,0.229734472378199,2015-02-08
0.291634593991238,0.269063355183101,0.209890101904179,0.229411948921482,2015-02-09
0.292124253587762,0.269256796120627,0.209529884894089,0.229089065397521,2015-02-10
0.292618398584628,0.269450057260893,0.209165731895152,0.228765812259326,2015-02-11
0.293117018537397,0.269643127854701,0.208797670214726,0.228442183393175,2015-02-12
0.293620094462083,0.26983599375256,0.208425738201094,0.228118173584263,2015-02-13
0.294127607294754,0.270028640755495,0.208049974295245,0.227793777654505,2015-02-14
0.29463953788967,0.270221054617717,0.207670417027729,0.227468990464885,2015-02-15
0.295155867017431,0.270413221049292,0.207287105015507,0.22714380691777,2015-02-16
0.295676575363171,0.270605125718827,0.206900076958805,0.226818221959197,2015-02-17
0.296201643524761,0.270796754256145,0.206509371637957,0.226492230581136,2015-02-18
0.296731052011051,0.270988092254978,0.206115027910253,0.226165827823718,2015-02-19
0.297264781240129,0.27117912527566,0.205717084706778,0.225839008777432,2015-02-20
0.297802811537621,0.271369838847822,0.205315581029256,0.225511768585302,2015-02-21
0.298345123135004,0.271560218473094,0.20491055594688,0.225184102445023,2015-02-22
0.298891696167956,0.271750249627811,0.204502048593155,0.224856005611078,2015-02-23
0.299442510674739,0.271939917765721,0.204090098162723,0.224527473396817,2015-02-24
0.299997546594596,0.272129208320695,0.203674743908197,0.224198501176511,2015-02-25
0.300556783766197,0.272318106709444,0.203256025136986,0.223869084387373,2015-02-26
0.301120201926098,0.272506598334234,0.202833981208117,0.22353921853155,2015-02-27
0.301687780707239,0.272694668585608,0.202408651529065,0.223208899178088,2015-02-28
0.30225949963747,0.272882302845104,0.201980075552565,0.222878121964861,2015-03-01
0.302835338138112,0.273069486487981,0.201548292773434,0.222546882600472,2015-03-02
0.303415275522541,0.273256204885944,0.201113342725389,0.222215176866126,2015-03-03
0.303999290994811,0.273442443409866,0.200675264977858,0.221883000617465,2015-03-04
0.304587363648304,0.273628187432517,0.200234099132794,0.221550349786385,2015-03-05
0.305179472464415,0.273813422331291,0.199789884821489,0.221217220382804,2015-03-06
0.305775596311271,0.27399813349093,0.19934266170138,0.220883608496418,2015-03-07
0.306375713942475,0.274182306306252,0.198892469452861,0.220549510298412,2015-03-08
0.306979803995893,0.274365926184874,0.198439347776088,0.220214922043145,2015-03-09
0.307587844992466,0.27454897854994,0.19798333638779,0.219879840069804,2015-03-10
0.308199815335062,0.274731448842839,0.197524475018076,0.219544260804023,2015-03-11
0.308815693307356,0.274913322525928,0.197062803407237,0.219208180759478,2015-03-12
0.30943545707275,0.275094585085251,0.196598361302558,0.218871596539441,2015-03-13
0.310059084673318,0.275275222033253,0.196131188455124,0.218534504838305,2015-03-14
0.310686554028801,0.275455218911491,0.195661324616624,0.218196902443084,2015-03-15
0.311317842935618,0.275634561293346,0.195188809536165,0.217858786234871,2015-03-16
0.311952929065928,0.275813234786726,0.194713682957079,0.217520153190267,2015-03-17
0.312591789966717,0.275991225036767,0.194235984613733,0.217181000382783,2015-03-18
0.313234403058925,0.276168517728525,0.193755754228345,0.216841324984205,2015-03-19
0.313880745636607,0.276345098589673,0.193273031507797,0.216501124265923,2015-03-20
0.314530794866131,0.27652095339318,0.192787856140453,0.216160395600236,2015-03-21
0.315184527785411,0.27669606795999,0.19230026779298,0.215819136461619,2015-03-22
0.315841921303177,0.276870428161694,0.191810306107172,0.215477344427958,2015-03-23
0.316502952198276,0.277044019923197,0.191318010696775,0.215135017181752,2015-03-24
0.317167597119022,0.277216829225371,0.190823421144322,0.214792152511284,2015-03-25
0.317835832582567,0.277388842107708,0.190326576997965,0.21444874831176,2015-03-26
0.318507634974321,0.277560044670955,0.189827517768316,0.214104802586408,2015-03-27
0.319182980547401,0.277730423079753,0.189326282925292,0.213760313447555,2015-03-28
0.319861845422122,0.27789996356525,0.188822911894968,0.213415279117659,2015-03-29
0.320544205585522,0.278068652427723,0.188317444056433,0.213069697930321,2015-03-30
0.321230036890924,0.278236476039172,0.187809918738651,0.212723568331252,2015-03-31
0.321919315057539,0.278403420845915,0.187300375217334,0.212376888879212,2015-04-01
0.3226120156701,0.278569473371165,0.186788852711818,0.212029658246918,2015-04-02
0.32330811417854,0.2787346202176,0.186275390381947,0.211681875221913,2015-04-03
0.324007585897703,0.278898848069919,0.185760027324969,0.211333538707409,2015-04-04
0.324710406007092,0.279062143697379,0.185242802572439,0.21098464772309,2015-04-05
0.325416549550659,0.279224493956333,0.184723755087124,0.210635201405884,2015-04-06
0.326125991436626,0.279385885792738,0.184202923759931,0.210285199010706,2015-04-07
0.32683870643735,0.279546306244659,0.183680347406833,0.209934639911158,2015-04-08
0.327554669189222,0.279705742444756,0.183156064765815,0.209583523600206,2015-04-09
0.328273854192603,0.279864181622754,0.182630114493823,0.20923184969082,2015-04-10
0.328996235811798,0.280021611107899,0.182102535163728,0.208879617916575,2015-04-11
0.32972178827507,0.280178018331395,0.181573365261306,0.208526828132228,2015-04-12
0.330450485674687,0.280333390828829,0.181042643182227,0.208173480314257,2015-04-13
0.331182301967008,0.280487716242574,0.180510407229052,0.207819574561366,2015-04-14
0.331917210972612,0.280640982324176,0.179976695608255,0.207465111094957,2015-04-15
0.33265518637645,0.280793176936725,0.179441546427249,0.207110090259575,2015-04-16
0.333396201728054,0.280944288057203,0.178904997691434,0.206754512523309,2015-04-17
0.334140230441762,0.281094303778815,0.178367087301254,0.206398378478169,2015-04-18
0.334887245796996,0.2812432123133,0.177827853049276,0.206041688840428,2015-04-19
0.33563722093857,0.281391001993224,0.177287332617279,0.205684444450927,2015-04-20
0.336390128877033,0.281537661274248,0.176745563573366,0.205326646275353,2015-04-21
0.337145942489054,0.281683178737378,0.176202583369086,0.204968295404481,2015-04-22
0.337904634517841,0.281827543091191,0.175658429336585,0.204609393054383,2015-04-23
0.33866617757359,0.281970743174041,0.175113138685762,0.204249940566607,2015-04-24
0.339430544133981,0.282112767956243,0.174566748501455,0.20388993940832,2015-04-25
0.340197706544706,0.282253606542232,0.174019295740639,0.203529391172423,2015-04-26
0.340967637020024,0.282393248172695,0.173470817229651,0.20316829757763,2015-04-27
0.341740307643366,0.282531682226689,0.172921349661426,0.202806660468518,2015-04-28
0.342515690367964,0.282668898223724,0.172370929592769,0.202444481815543,2015-04-29
0.343293757017521,0.282804885825828,0.171819593441628,0.202081763715023,2015-04-30
0.344074479286911,0.282939634839583,0.171267377484412,0.201718508389095,2015-05-01
0.344857828742921,0.283073135218136,0.170714317853312,0.201354718185631,2015-05-02
0.345643776825019,0.283205377063186,0.170160450533658,0.200990395578137,2015-05-03
0.346432294846162,0.283336350626941,0.169605811361294,0.200625543165602,2015-05-04
0.347223353993634,0.283466046314049,0.169050436019982,0.200260163672335,2015-05-05
0.348016925329919,0.283594454683504,0.168494360038819,0.199894259947758,2015-05-06
0.34881297979361,0.283721566450517,0.1679376187897,0.199527834966173,2015-05-07
0.349611488200346,0.283847372488372,0.167380247484782,0.1991608918265,2015-05-08
0.350412421243784,0.283971863830236,0.166822281173998,0.198793433751982,2015-05-09
0.351215749496603,0.284095031670954,0.16626375474258,0.198425464089863,2015-05-10
0.352021443411541,0.284216867368808,0.165704702908619,0.198056986311033,2015-05-11
0.352829473322462,0.284337362447246,0.165145160220647,0.197688004009644,2015-05-12
0.353639809445455,0.284456508596586,0.164585161055257,0.197318520902702,2015-05-13
0.354452421879965,0.284574297675679,0.164024739614736,0.19694854082962,2015-05-14
0.355267280609948,0.284690721713552,0.163463929924745,0.196578067751754,2015-05-15
0.356084355505071,0.284805772911017,0.162902765832015,0.196207105751897,2015-05-16
0.356903616321923,0.28491944364224,0.162341281002078,0.195835659033759,2015-05-17
0.357725032705268,0.285031726456289,0.161779508917035,0.195463731921408,2015-05-18
0.358548574189324,0.285142614078646,0.161217482873342,0.195091328858688,2015-05-19
0.359374210199072,0.285252099412681,0.160655235979638,0.194718454408608,2015-05-20
0.360201910051585,0.285360175541103,0.160092801154604,0.194345113252708,2015-05-21
0.361031642957396,0.285466835727366,0.159530211124848,0.19397131019039,2015-05-22
0.361863378021886,0.285572073417055,0.15896749842283,0.193597050138229,2015-05-23
0.362697084246702,0.285675882239225,0.158404695384815,0.193222338129258,2015-05-24
0.363532730531197,0.285778256007716,0.157841834148867,0.19284717931222,2015-05-25
0.364370285673903,0.285879188722427,0.157278946652865,0.192471578950805,2015-05-26
0.365209718374023,0.28597867457056,0.156716064632566,0.192095542422851,2015-05-27
0.36605099723295,0.286076707927825,0.156153219619697,0.191719075219528,2015-05-28
0.366894090755814,0.286173283359615,0.15559044294008,0.191342182944492,2015-05-29
0.367738967353043,0.286268395622141,0.155027765711796,0.19096487131302,2015-05-30
0.368585595341961,0.286362039663537,0.154465218843388,0.190587146151115,2015-05-31
0.3694339429484,0.28645421062492,0.15390283303209,0.190209013394591,2015-06-01
0.370283978308333,0.286544903841425,0.153340638762106,0.189830479088137,2015-06-02
0.371135669469537,0.286634114843198,0.152778666302913,0.189451549384352,2015-06-03
0.371988984393271,0.286721839356355,0.152216945707612,0.189072230542761,2015-06-04
0.372843890955977,0.286808073303902,0.151655506811308,0.188692528928814,2015-06-05
0.373700356950998,0.286892812806619,0.151094379229534,0.18831245101285,2015-06-06
0.374558350090324,0.286976054183913,0.15053359235671,0.187932003369054,2015-06-07
0.375417838006347,0.287057793954627,0.149973175364642,0.187551192674383,2015-06-08
0.376278788253645,0.287138028837818,0.149413157201058,0.18717002570748,2015-06-09
0.377141168310772,0.287216755753489,0.148853566588182,0.186788509347556,2015-06-10
0.37800494558208,0.2872939718233,0.148294432021353,0.186406650573267,2015-06-11
0.378870087399542,0.287369674371225,0.147735781767674,0.186024456461559,2015-06-12
0.379736561024607,0.28744386092418,0.147177643864712,0.185641934186501,2015-06-13
0.380604333650062,0.287516529212617,0.146620046119224,0.185259091018097,2015-06-14
0.381473372401907,0.287587677171075,0.146063016105936,0.184875934321082,2015-06-15
0.382343644341253,0.287657302938695,0.145506581166357,0.184492471553695,2015-06-16
0.38321511646623,0.287725404859697,0.144950768407627,0.184108710266447,2015-06-17
0.384087755713903,0.287791981483827,0.144395604701417,0.183724658100854,2015-06-18
0.384961528962212,0.287857031566755,0.143841116682863,0.18334032278817,2015-06-19
0.385836403031919,0.287920554070444,0.143287330749539,0.182955712148097,2015-06-20
0.38671234468856,0.287982548163483,0.142734273060478,0.182570834087479,2015-06-21
0.387589320644421,0.288043013221375,0.142181969535222,0.182185696598982,2015-06-22
0.388467297560515,0.288101948826792,0.141630445852931,0.181800307759762,2015-06-23
0.389346242048573,0.288159354769801,0.141079727451513,0.181414675730114,2015-06-24
0.390226120673044,0.288215231048035,0.140529839526811,0.18102880875211,2015-06-25
0.391106899953101,0.288269577866849,0.139980807031823,0.180642715148228,2015-06-26
0.391988546364661,0.288322395639417,0.139432654675964,0.180256403319957,2015-06-27
0.392871026342407,0.288373684986814,0.138885406924376,0.179869881746403,2015-06-28
0.393754306281816,0.288423446738042,0.138339087997267,0.179483158982874,2015-06-29
0.394638352541203,0.288471681930035,0.137793721869305,0.179096243659457,2015-06-30
0.395523131443758,0.288518391807618,0.137249332269043,0.17870914447958,2015-07-01
0.396408609279596,0.288563577823435,0.136705942678392,0.178321870218576,2015-07-02
0.397294752307813,0.288607241637839,0.136163576332131,0.177934429722218,2015-07-03
0.398181526758535,0.288649385118744,0.13562225621746,0.177546831905261,2015-07-04
0.399068898834985,0.288690010341453,0.135082005073596,0.177159085749966,2015-07-05
0.399956834715545,0.288729119588429,0.134542845391408,0.176771200304619,2015-07-06
0.400845300555814,0.288766715349054,0.134004799413091,0.17638318468204,2015-07-07
0.401734262490683,0.288802800319342,0.133467889131889,0.175995048058086,2015-07-08
0.402623686636397,0.288837377401611,0.132932136291847,0.175606799670145,2015-07-09
0.403513539092623,0.288870449704137,0.132397562387618,0.175218448815622,2015-07-10
0.404403785944517,0.288902020540758,0.131864188664297,0.174830004850427,2015-07-11
0.405294393264795,0.288932093430455,0.131332036117305,0.174441477187445,2015-07-12
0.406185327115789,0.288960672096891,0.13080112549231,0.17405287529501,2015-07-13
0.407076553551519,0.288987760467926,0.130271477285187,0.173664208695369,2015-07-14
0.407968038619744,0.289013362675091,0.129743111742022,0.173275486963143,2015-07-15
0.408859748364029,0.289037483053029,0.129216048859154,0.172886719723788,2015-07-16
0.409751648825789,0.289060126138913,0.128690308383254,0.172497916652045,2015-07-17
0.410643706046343,0.289081296671819,0.128165909811448,0.17210908747039,2015-07-18
0.411535886068956,0.28910099959208,0.127642872391478,0.171720241947486,2015-07-19
0.412428154940879,0.289119240040596,0.127121215121899,0.171331389896626,2015-07-20
0.413320478715378,0.28913602335812,0.126600956752322,0.17094254117418,2015-07-21
0.414212823453761,0.289151355084518,0.126082115783689,0.170553705678032,2015-07-22
0.415105155227399,0.289165240957985,0.125564710468587,0.170164893346029,2015-07-23
0.415997440119732,0.289177686914243,0.125048758811607,0.169776114154418,2015-07-24
0.416889644228274,0.289188699085704,0.124534278569731,0.169387378116291,2015-07-25
0.417781733666605,0.289198283800604,0.124021287252766,0.168998695280024,2015-07-26
