date,stratum,president,rating,projected,hdi_95_lower,hdi_80_lower,hdi_50_lower,hdi_50_higher,hdi_80_higher,hdi_95_higher,updated
2023-03-10,BR,Lula da Silva,regular,19.8,14.52,16.36,18.0,21.63,23.23,25.0,2023-03-10
2023-03-10,BR,Lula da Silva,positiva,43.7,38.33,40.18,41.79,45.37,46.94,48.67,2023-03-10
2023-03-10,BR,Lula da Silva,nsnr,8.2,3.01,4.82,6.39,9.92,11.57,13.36,2023-03-10
2023-03-10,BR,Lula da Silva,negativa,28.3,23.26,24.89,26.49,30.09,31.64,33.49,2023-03-10
2023-03-11,BR,Lula da Silva,regular,19.8,14.66,16.46,18.02,21.59,23.14,24.91,2023-03-10
2023-03-11,BR,Lula da Silva,positiva,43.7,38.44,40.16,41.81,45.37,46.91,48.62,2023-03-10
2023-03-11,BR,Lula da Silva,nsnr,8.2,3.21,4.86,6.41,9.89,11.43,13.26,2023-03-10
2023-03-11,BR,Lula da Silva,negativa,28.3,23.31,24.94,26.51,30.05,31.57,33.35,2023-03-10
2023-03-12,BR,Lula da Silva,regular,19.8,14.77,16.52,18.06,21.57,23.13,24.87,2023-03-10
2023-03-12,BR,Lula da Silva,positiva,43.7,38.54,40.28,41.85,45.32,46.79,48.54,2023-03-10
2023-03-12,BR,Lula da Silva,nsnr,8.2,3.18,4.93,6.42,9.86,11.4,13.14,2023-03-10
2023-03-12,BR,Lula da Silva,negativa,28.3,23.4,25.0,26.52,30.01,31.51,33.3,2023-03-10
2023-03-13,BR,Lula da Silva,regular,19.8,14.9,16.55,18.09,21.55,23.07,24.81,2023-03-10
2023-03-13,BR,Lula da Silva,positiva,43.7,38.68,40.37,41.89,45.31,46.73,48.45,2023-03-10
2023-03-13,BR,Lula da Silva,nsnr,8.2,3.35,4.99,6.44,9.83,11.33,13.08,2023-03-10
2023-03-13,BR,Lula da Silva,negativa,28.3,23.52,25.07,26.59,29.97,31.47,33.23,2023-03-10
2023-03-09,BR,Lula da Silva,regular,19.8,14.52,16.36,18.0,21.63,23.23,25.0,2023-03-10
2023-03-09,BR,Lula da Silva,positiva,43.7,38.33,40.18,41.79,45.37,46.94,48.67,2023-03-10
2023-03-09,BR,Lula da Silva,nsnr,8.2,3.01,4.82,6.39,9.92,11.57,13.36,2023-03-10
2023-03-09,BR,Lula da Silva,negativa,28.3,23.26,24.89,26.49,30.09,31.64,33.49,2023-03-10
2023-03-08,BR,Lula da Silva,regular,19.8,14.66,16.46,18.02,21.59,23.14,24.91,2023-03-10
2023-03-08,BR,Lula da Silva,positiva,43.7,38.44,40.16,41.81,45.37,46.91,48.62,2023-03-10
2023-03-08,BR,Lula da Silva,nsnr,8.2,3.21,4.86,6.41,9.89,11.43,13.26,2023-03-10
2023-03-08,BR,Lula da Silva,negativa,28.3,23.31,24.94,26.51,30.05,31.57,33.35,2023-03-10
2023-03-07,BR,Lula da Silva,regular,19.8,14.77,16.52,18.06,21.57,23.13,24.87,2023-03-10
2023-03-07,BR,Lula da Silva,positiva,43.7,38.54,40.28,41.85,45.32,46.79,48.54,2023-03-10
2023-03-07,BR,Lula da Silva,nsnr,8.2,3.18,4.93,6.42,9.86,11.4,13.14,2023-03-10
2023-03-07,BR,Lula da Silva,negativa,28.3,23.4,25.0,26.52,30.01,31.51,33.3,2023-03-10
2023-03-06,BR,Lula da Silva,regular,19.8,14.9,16.55,18.09,21.55,23.07,24.81,2023-03-10
2023-03-06,BR,Lula da Silva,positiva,43.7,38.68,40.37,41.89,45.31,46.73,48.45,2023-03-10
2023-03-06,BR,Lula da Silva,nsnr,8.2,3.35,4.99,6.44,9.83,11.33,13.08,2023-03-10
2023-03-06,BR,Lula da Silva,negativa,28.3,23.52,25.07,26.59,29.97,31.47,33.23,2023-03-10
2023-03-05,BR,Lula da Silva,regular,19.9,14.98,16.63,18.16,21.51,23.02,24.72,2023-03-10
2023-03-05,BR,Lula da Silva,positiva,43.7,38.72,40.42,41.97,45.24,46.68,48.36,2023-03-10
2023-03-05,BR,Lula da Silva,nsnr,8.2,3.41,5.03,6.5,9.77,11.22,12.98,2023-03-10
2023-03-05,BR,Lula da Silva,negativa,28.3,23.64,25.15,26.59,29.94,31.44,33.07,2023-03-10
2023-03-04,BR,Lula da Silva,regular,19.8,15.07,16.68,18.2,21.44,22.91,24.63,2023-03-10
2023-03-04,BR,Lula da Silva,positiva,43.7,38.87,40.49,41.99,45.22,46.61,48.29,2023-03-10
2023-03-04,BR,Lula da Silva,nsnr,8.2,3.61,5.12,6.52,9.74,11.2,12.84,2023-03-10
2023-03-04,BR,Lula da Silva,negativa,28.3,23.74,25.17,26.62,29.89,31.32,32.92,2023-03-10
2023-03-03,BR,Lula da Silva,regular,19.8,15.2,16.74,18.2,21.42,22.84,24.58,2023-03-10
2023-03-03,BR,Lula da Silva,positiva,43.7,39.0,40.55,42.01,45.17,46.52,48.16,2023-03-10
2023-03-03,BR,Lula da Silva,nsnr,8.2,3.67,5.2,6.54,9.71,11.1,12.76,2023-03-10
2023-03-03,BR,Lula da Silva,negativa,28.3,23.82,25.28,26.64,29.82,31.27,32.82,2023-03-10
2023-03-02,BR,Lula da Silva,regular,19.9,15.28,16.8,18.2,21.4,22.79,24.42,2023-03-10
2023-03-02,BR,Lula da Silva,positiva,43.7,39.03,40.63,42.08,45.14,46.44,48.1,2023-03-10
2023-03-02,BR,Lula da Silva,nsnr,8.1,3.77,5.24,6.58,9.67,11.03,12.6,2023-03-10
2023-03-02,BR,Lula da Silva,negativa,28.3,23.86,25.32,26.67,29.8,31.19,32.75,2023-03-10
2023-03-01,BR,Lula da Silva,regular,19.9,15.43,16.86,18.28,21.38,22.72,24.28,2023-03-10
2023-03-01,BR,Lula da Silva,positiva,43.7,39.15,40.69,42.12,45.09,46.39,47.95,2023-03-10
2023-03-01,BR,Lula da Silva,nsnr,8.1,3.87,5.31,6.62,9.6,10.96,12.49,2023-03-10
2023-03-01,BR,Lula da Silva,negativa,28.3,23.95,25.38,26.73,29.76,31.13,32.74,2023-03-10
2023-02-28,BR,Lula da Silva,regular,19.9,15.58,16.98,18.28,21.33,22.66,24.16,2023-03-10
2023-02-28,BR,Lula da Silva,positiva,43.7,39.24,40.74,42.18,45.05,46.33,47.82,2023-03-10
2023-02-28,BR,Lula da Silva,nsnr,8.1,3.97,5.34,6.68,9.58,10.89,12.36,2023-03-10
2023-02-28,BR,Lula da Silva,negativa,28.3,24.07,25.46,26.76,29.73,31.03,32.56,2023-03-10
2023-02-27,BR,Lula da Silva,regular,19.9,15.67,17.06,18.35,21.27,22.6,24.06,2023-03-10
2023-02-27,BR,Lula da Silva,positiva,43.7,39.31,40.81,42.19,45.03,46.26,47.7,2023-03-10
2023-02-27,BR,Lula da Silva,nsnr,8.1,4.07,5.41,6.7,9.52,10.82,12.25,2023-03-10
2023-02-27,BR,Lula da Silva,negativa,28.3,24.18,25.53,26.79,29.69,30.99,32.48,2023-03-10
2023-02-26,BR,Lula da Silva,regular,19.9,15.81,17.14,18.39,21.22,22.51,23.95,2023-03-10
2023-02-26,BR,Lula da Silva,positiva,43.7,39.43,40.88,42.19,44.98,46.21,47.54,2023-03-10
2023-02-26,BR,Lula da Silva,nsnr,8.1,4.22,5.47,6.71,9.46,10.74,12.15,2023-03-10
2023-02-26,BR,Lula da Silva,negativa,28.3,24.29,25.62,26.82,29.67,30.91,32.39,2023-03-10
2023-02-25,BR,Lula da Silva,regular,19.9,15.97,17.24,18.42,21.18,22.43,23.75,2023-03-10
2023-02-25,BR,Lula da Silva,positiva,43.7,39.53,40.91,42.23,44.93,46.14,47.44,2023-03-10
2023-02-25,BR,Lula da Silva,nsnr,8.1,4.28,5.63,6.77,9.43,10.66,12.05,2023-03-10
2023-02-25,BR,Lula da Silva,negativa,28.3,24.41,25.7,26.86,29.62,30.86,32.26,2023-03-10
2023-02-24,BR,Lula da Silva,regular,19.9,16.12,17.3,18.47,21.13,22.34,23.63,2023-03-10
2023-02-24,BR,Lula da Silva,positiva,43.7,39.67,41.02,42.28,44.88,46.06,47.36,2023-03-10
2023-02-24,BR,Lula da Silva,nsnr,8.1,4.36,5.7,6.85,9.39,10.55,11.96,2023-03-10
2023-02-24,BR,Lula da Silva,negativa,28.3,24.51,25.79,26.91,29.57,30.74,32.16,2023-03-10
2023-02-23,BR,Lula da Silva,regular,19.8,16.09,17.34,18.46,21.14,22.26,23.57,2023-03-10
2023-02-23,BR,Lula da Silva,positiva,43.7,39.75,41.1,42.3,44.85,45.99,47.29,2023-03-10
2023-02-23,BR,Lula da Silva,nsnr,8.2,4.52,5.74,6.88,9.37,10.52,11.86,2023-03-10
2023-02-23,BR,Lula da Silva,negativa,28.3,24.63,25.87,26.95,29.54,30.72,32.06,2023-03-10
2023-02-22,BR,Lula da Silva,regular,19.8,16.12,17.36,18.47,21.08,22.18,23.53,2023-03-10
2023-02-22,BR,Lula da Silva,positiva,43.7,39.84,41.15,42.3,44.82,45.94,47.18,2023-03-10
2023-02-22,BR,Lula da Silva,nsnr,8.2,4.6,5.8,6.92,9.34,10.45,11.84,2023-03-10
2023-02-22,BR,Lula da Silva,negativa,28.3,24.69,25.91,26.98,29.52,30.68,31.99,2023-03-10
2023-02-21,BR,Lula da Silva,regular,19.8,16.14,17.4,18.48,21.01,22.11,23.37,2023-03-10
2023-02-21,BR,Lula da Silva,positiva,43.7,39.91,41.22,42.34,44.79,45.85,47.16,2023-03-10
2023-02-21,BR,Lula da Silva,nsnr,8.2,4.7,5.9,6.98,9.33,10.46,11.78,2023-03-10
2023-02-21,BR,Lula da Silva,negativa,28.3,24.77,25.96,27.02,29.5,30.65,31.94,2023-03-10
2023-02-20,BR,Lula da Silva,regular,19.8,16.17,17.42,18.54,20.95,22.03,23.22,2023-03-10
2023-02-20,BR,Lula da Silva,positiva,43.7,40.03,41.3,42.39,44.77,45.84,47.07,2023-03-10
2023-02-20,BR,Lula da Silva,nsnr,8.2,4.78,5.97,7.02,9.3,10.42,11.64,2023-03-10
2023-02-20,BR,Lula da Silva,negativa,28.3,24.83,26.05,27.08,29.45,30.58,31.8,2023-03-10
2023-02-19,BR,Lula da Silva,regular,19.8,16.24,17.5,18.54,20.88,21.96,23.14,2023-03-10
2023-02-19,BR,Lula da Silva,positiva,43.7,40.14,41.35,42.42,44.73,45.78,46.99,2023-03-10
2023-02-19,BR,Lula da Silva,nsnr,8.2,4.89,6.02,7.04,9.31,10.38,11.53,2023-03-10
2023-02-19,BR,Lula da Silva,negativa,28.4,24.94,26.11,27.11,29.44,30.54,31.72,2023-03-10
2023-02-18,BR,Lula da Silva,regular,19.7,16.34,17.53,18.54,20.82,21.85,23.01,2023-03-10
2023-02-18,BR,Lula da Silva,positiva,43.7,40.24,41.38,42.46,44.71,45.71,46.89,2023-03-10
2023-02-18,BR,Lula da Silva,nsnr,8.2,4.98,6.05,7.07,9.28,10.29,11.52,2023-03-10
2023-02-18,BR,Lula da Silva,negativa,28.4,25.05,26.15,27.16,29.42,30.46,31.64,2023-03-10
2023-02-17,BR,Lula da Silva,regular,19.7,16.43,17.57,18.58,20.76,21.79,22.88,2023-03-10
2023-02-17,BR,Lula da Silva,positiva,43.7,40.39,41.5,42.46,44.66,45.67,46.79,2023-03-10
2023-02-17,BR,Lula da Silva,nsnr,8.2,5.01,6.14,7.12,9.26,10.24,11.33,2023-03-10
2023-02-17,BR,Lula da Silva,negativa,28.4,25.19,26.25,27.2,29.39,30.43,31.53,2023-03-10
2023-02-16,BR,Lula da Silva,regular,19.7,16.5,17.61,18.58,20.71,21.67,22.72,2023-03-10
2023-02-16,BR,Lula da Silva,positiva,43.7,40.51,41.53,42.53,44.63,45.61,46.67,2023-03-10
2023-02-16,BR,Lula da Silva,nsnr,8.2,5.12,6.23,7.17,9.24,10.18,11.22,2023-03-10
2023-02-16,BR,Lula da Silva,negativa,28.4,25.27,26.32,27.25,29.36,30.35,31.45,2023-03-10
2023-02-15,BR,Lula da Silva,regular,19.7,16.6,17.64,18.61,20.66,21.6,22.67,2023-03-10
2023-02-15,BR,Lula da Silva,positiva,43.7,40.66,41.63,42.54,44.59,45.55,46.57,2023-03-10
2023-02-15,BR,Lula da Silva,nsnr,8.2,5.25,6.29,7.22,9.21,10.13,11.19,2023-03-10
2023-02-15,BR,Lula da Silva,negativa,28.4,25.37,26.39,27.3,29.34,30.3,31.31,2023-03-10
2023-02-14,BR,Lula da Silva,regular,19.7,16.71,17.72,18.62,20.59,21.5,22.5,2023-03-10
2023-02-14,BR,Lula da Silva,positiva,43.7,40.82,41.71,42.59,44.56,45.49,46.47,2023-03-10
2023-02-14,BR,Lula da Silva,nsnr,8.2,5.38,6.35,7.26,9.15,10.05,11.08,2023-03-10
2023-02-14,BR,Lula da Silva,negativa,28.4,25.52,26.44,27.34,29.3,30.25,31.22,2023-03-10
2023-02-13,BR,Lula da Silva,regular,19.6,16.8,17.76,18.63,20.53,21.4,22.35,2023-03-10
2023-02-13,BR,Lula da Silva,positiva,43.7,40.85,41.82,42.65,44.53,45.43,46.39,2023-03-10
2023-02-13,BR,Lula da Silva,nsnr,8.2,5.5,6.44,7.32,9.13,9.98,10.99,2023-03-10
2023-02-13,BR,Lula da Silva,negativa,28.4,25.6,26.54,27.38,29.28,30.13,31.07,2023-03-10
2023-02-12,BR,Lula da Silva,regular,19.6,16.96,17.84,18.67,20.48,21.29,22.21,2023-03-10
2023-02-12,BR,Lula da Silva,positiva,43.7,40.93,41.89,42.7,44.51,45.34,46.24,2023-03-10
2023-02-12,BR,Lula da Silva,nsnr,8.3,5.66,6.55,7.35,9.1,9.93,10.91,2023-03-10
2023-02-12,BR,Lula da Silva,negativa,28.4,25.75,26.64,27.44,29.23,30.07,30.99,2023-03-10
2023-02-11,BR,Lula da Silva,regular,19.6,17.0,17.93,18.67,20.41,21.18,22.0,2023-03-10
2023-02-11,BR,Lula da Silva,positiva,43.7,41.09,41.96,42.77,44.46,45.26,46.09,2023-03-10
2023-02-11,BR,Lula da Silva,nsnr,8.3,5.78,6.64,7.41,9.07,9.84,10.73,2023-03-10
2023-02-11,BR,Lula da Silva,negativa,28.4,25.84,26.71,27.48,29.19,30.0,30.85,2023-03-10
2023-02-10,BR,Lula da Silva,regular,19.5,17.1,17.9,18.64,20.32,21.08,21.9,2023-03-10
2023-02-10,BR,Lula da Silva,positiva,43.8,41.17,42.07,42.82,44.47,45.22,46.06,2023-03-10
2023-02-10,BR,Lula da Silva,nsnr,8.3,5.9,6.69,7.43,9.03,9.76,10.64,2023-03-10
2023-02-10,BR,Lula da Silva,negativa,28.5,26.0,26.81,27.55,29.19,29.98,30.8,2023-03-10
2023-02-09,BR,Lula da Silva,regular,19.5,17.13,17.93,18.61,20.23,20.96,21.75,2023-03-10
2023-02-09,BR,Lula da Silva,positiva,43.8,41.35,42.13,42.84,44.44,45.17,46.0,2023-03-10
2023-02-09,BR,Lula da Silva,nsnr,8.2,5.93,6.72,7.42,8.98,9.68,10.54,2023-03-10
2023-02-09,BR,Lula da Silva,negativa,28.5,26.12,26.91,27.61,29.23,29.94,30.75,2023-03-10
2023-02-08,BR,Lula da Silva,regular,19.4,17.06,17.84,18.55,20.16,20.85,21.69,2023-03-10
2023-02-08,BR,Lula da Silva,positiva,43.8,41.38,42.19,42.88,44.47,45.16,45.91,2023-03-10
2023-02-08,BR,Lula da Silva,nsnr,8.2,5.95,6.72,7.41,8.96,9.71,10.48,2023-03-10
2023-02-08,BR,Lula da Silva,negativa,28.5,26.14,26.97,27.66,29.26,29.99,30.77,2023-03-10
2023-02-07,BR,Lula da Silva,regular,19.3,17.04,17.78,18.49,20.07,20.76,21.5,2023-03-10
2023-02-07,BR,Lula da Silva,positiva,43.9,41.45,42.26,42.94,44.49,45.2,45.99,2023-03-10
2023-02-07,BR,Lula da Silva,nsnr,8.2,5.96,6.74,7.4,8.97,9.66,10.47,2023-03-10
2023-02-07,BR,Lula da Silva,negativa,28.6,26.21,27.04,27.74,29.29,29.98,30.72,2023-03-10
2023-02-06,BR,Lula da Silva,regular,19.3,16.96,17.73,18.41,19.97,20.66,21.38,2023-03-10
2023-02-06,BR,Lula da Silva,positiva,43.9,41.53,42.3,42.97,44.52,45.22,45.95,2023-03-10
2023-02-06,BR,Lula da Silva,nsnr,8.2,6.02,6.74,7.42,8.95,9.64,10.49,2023-03-10
2023-02-06,BR,Lula da Silva,negativa,28.6,26.27,27.07,27.78,29.31,30.01,30.78,2023-03-10
2023-02-05,BR,Lula da Silva,regular,19.2,16.93,17.64,18.34,19.87,20.53,21.29,2023-03-10
2023-02-05,BR,Lula da Silva,positiva,43.9,41.6,42.34,43.03,44.55,45.25,45.96,2023-03-10
2023-02-05,BR,Lula da Silva,nsnr,8.2,6.01,6.75,7.42,8.93,9.62,10.44,2023-03-10
2023-02-05,BR,Lula da Silva,negativa,28.7,26.36,27.13,27.83,29.35,30.02,30.78,2023-03-10
2023-02-04,BR,Lula da Silva,regular,19.1,16.88,17.6,18.27,19.76,20.41,21.17,2023-03-10
2023-02-04,BR,Lula da Silva,positiva,44.0,41.7,42.4,43.1,44.56,45.23,45.98,2023-03-10
2023-02-04,BR,Lula da Silva,nsnr,8.2,6.07,6.78,7.41,8.9,9.57,10.37,2023-03-10
2023-02-04,BR,Lula da Silva,negativa,28.7,26.45,27.2,27.88,29.38,30.02,30.76,2023-03-10
2023-02-03,BR,Lula da Silva,regular,19.0,16.86,17.56,18.22,19.66,20.32,21.08,2023-03-10
2023-02-03,BR,Lula da Silva,positiva,44.0,41.69,42.47,43.15,44.6,45.23,45.97,2023-03-10
2023-02-03,BR,Lula da Silva,nsnr,8.2,6.03,6.8,7.43,8.87,9.52,10.3,2023-03-10
2023-02-03,BR,Lula da Silva,negativa,28.8,26.49,27.27,27.94,29.41,30.06,30.77,2023-03-10
2023-02-02,BR,Lula da Silva,regular,19.0,16.72,17.46,18.13,19.65,20.33,21.1,2023-03-10
2023-02-02,BR,Lula da Silva,positiva,44.0,41.61,42.41,43.12,44.63,45.32,46.07,2023-03-10
2023-02-02,BR,Lula da Silva,nsnr,8.2,5.96,6.79,7.46,8.95,9.64,10.4,2023-03-10
2023-02-02,BR,Lula da Silva,negativa,28.8,26.4,27.2,27.89,29.43,30.1,30.84,2023-03-10
2023-02-01,BR,Lula da Silva,regular,18.9,16.59,17.4,18.09,19.63,20.33,21.09,2023-03-10
2023-02-01,BR,Lula da Silva,positiva,44.1,41.56,42.37,43.12,44.66,45.35,46.14,2023-03-10
2023-02-01,BR,Lula da Silva,nsnr,8.3,5.95,6.8,7.47,9.03,9.71,10.52,2023-03-10
2023-02-01,BR,Lula da Silva,negativa,28.7,26.35,27.17,27.87,29.4,30.12,30.86,2023-03-10
2023-01-31,BR,Lula da Silva,regular,18.9,16.52,17.31,18.01,19.61,20.34,21.15,2023-03-10
2023-01-31,BR,Lula da Silva,positiva,44.1,41.57,42.35,43.08,44.69,45.39,46.2,2023-03-10
2023-01-31,BR,Lula da Silva,nsnr,8.3,6.03,6.79,7.51,9.08,9.77,10.6,2023-03-10
2023-01-31,BR,Lula da Silva,negativa,28.7,26.3,27.08,27.81,29.38,30.13,30.9,2023-03-10
2023-01-30,BR,Lula da Silva,regular,18.9,16.41,17.23,17.93,19.58,20.33,21.13,2023-03-10
2023-01-30,BR,Lula da Silva,positiva,44.1,41.48,42.32,43.09,44.71,45.41,46.25,2023-03-10
2023-01-30,BR,Lula da Silva,nsnr,8.4,6.02,6.81,7.51,9.15,9.87,10.67,2023-03-10
2023-01-30,BR,Lula da Silva,negativa,28.7,26.23,27.05,27.77,29.39,30.1,30.92,2023-03-10
2023-01-29,BR,Lula da Silva,regular,18.8,16.3,17.12,17.88,19.57,20.36,21.18,2023-03-10
2023-01-29,BR,Lula da Silva,positiva,44.1,41.41,42.28,43.07,44.76,45.5,46.41,2023-03-10
2023-01-29,BR,Lula da Silva,nsnr,8.4,5.97,6.77,7.53,9.2,9.95,10.76,2023-03-10
2023-01-29,BR,Lula da Silva,negativa,28.7,26.11,26.93,27.72,29.38,30.13,30.96,2023-03-10
2023-01-28,BR,Lula da Silva,regular,18.8,16.14,17.07,17.83,19.57,20.32,21.24,2023-03-10
2023-01-28,BR,Lula da Silva,positiva,44.1,41.35,42.26,43.06,44.81,45.58,46.45,2023-03-10
2023-01-28,BR,Lula da Silva,nsnr,8.5,5.91,6.78,7.55,9.3,10.05,10.96,2023-03-10
2023-01-28,BR,Lula da Silva,negativa,28.6,25.96,26.88,27.67,29.38,30.12,31.01,2023-03-10
2023-01-27,BR,Lula da Silva,regular,18.7,16.09,16.98,17.78,19.54,20.31,21.26,2023-03-10
2023-01-27,BR,Lula da Silva,positiva,44.2,41.35,42.25,43.05,44.88,45.66,46.51,2023-03-10
2023-01-27,BR,Lula da Silva,nsnr,8.5,5.96,6.78,7.56,9.34,10.13,11.05,2023-03-10
2023-01-27,BR,Lula da Silva,negativa,28.6,25.88,26.8,27.63,29.36,30.15,30.98,2023-03-10
2023-01-26,BR,Lula da Silva,regular,18.7,16.0,16.92,17.73,19.51,20.32,21.26,2023-03-10
2023-01-26,BR,Lula da Silva,positiva,44.2,41.37,42.22,43.05,44.91,45.69,46.61,2023-03-10
2023-01-26,BR,Lula da Silva,nsnr,8.5,5.91,6.75,7.57,9.4,10.21,11.12,2023-03-10
2023-01-26,BR,Lula da Silva,negativa,28.6,25.85,26.77,27.58,29.35,30.15,30.99,2023-03-10
2023-01-25,BR,Lula da Silva,regular,18.7,15.95,16.84,17.68,19.47,20.32,21.23,2023-03-10
2023-01-25,BR,Lula da Silva,positiva,44.2,41.32,42.23,43.06,44.96,45.78,46.63,2023-03-10
2023-01-25,BR,Lula da Silva,nsnr,8.6,5.89,6.75,7.6,9.46,10.29,11.25,2023-03-10
2023-01-25,BR,Lula da Silva,negativa,28.6,25.84,26.73,27.53,29.33,30.16,31.03,2023-03-10
2023-01-24,BR,Lula da Silva,regular,18.6,15.91,16.8,17.6,19.46,20.29,21.22,2023-03-10
2023-01-24,BR,Lula da Silva,positiva,44.2,41.26,42.22,43.06,44.98,45.81,46.7,2023-03-10
2023-01-24,BR,Lula da Silva,nsnr,8.6,5.96,6.8,7.63,9.52,10.35,11.32,2023-03-10
2023-01-24,BR,Lula da Silva,negativa,28.5,25.76,26.66,27.5,29.33,30.11,31.04,2023-03-10
2023-01-23,BR,Lula da Silva,regular,18.6,15.84,16.72,17.54,19.45,20.28,21.22,2023-03-10
2023-01-23,BR,Lula da Silva,positiva,44.2,41.28,42.24,43.07,45.01,45.84,46.77,2023-03-10
2023-01-23,BR,Lula da Silva,nsnr,8.7,5.98,6.84,7.68,9.56,10.44,11.36,2023-03-10
2023-01-23,BR,Lula da Silva,negativa,28.5,25.67,26.62,27.47,29.31,30.08,31.09,2023-03-10
2023-01-22,BR,Lula da Silva,regular,18.6,15.76,16.7,17.52,19.43,20.28,21.18,2023-03-10
2023-01-22,BR,Lula da Silva,positiva,44.3,41.33,42.24,43.08,45.03,45.87,46.82,2023-03-10
2023-01-22,BR,Lula da Silva,nsnr,8.7,6.01,6.89,7.7,9.6,10.5,11.42,2023-03-10
2023-01-22,BR,Lula da Silva,negativa,28.5,25.65,26.56,27.43,29.26,30.1,31.03,2023-03-10
2023-01-21,BR,Lula da Silva,regular,18.5,15.72,16.63,17.52,19.38,20.25,21.17,2023-03-10
2023-01-21,BR,Lula da Silva,positiva,44.3,41.34,42.24,43.11,45.06,45.89,46.83,2023-03-10
2023-01-21,BR,Lula da Silva,nsnr,8.7,6.03,6.97,7.75,9.64,10.56,11.47,2023-03-10
2023-01-21,BR,Lula da Silva,negativa,28.4,25.61,26.56,27.4,29.24,30.05,31.01,2023-03-10
2023-01-20,BR,Lula da Silva,regular,18.5,15.68,16.63,17.49,19.33,20.2,21.1,2023-03-10
2023-01-20,BR,Lula da Silva,positiva,44.3,41.33,42.26,43.14,45.1,45.92,46.81,2023-03-10
2023-01-20,BR,Lula da Silva,nsnr,8.8,6.07,6.97,7.79,9.67,10.58,11.51,2023-03-10
2023-01-20,BR,Lula da Silva,negativa,28.4,25.6,26.53,27.36,29.22,30.0,30.95,2023-03-10
2023-01-19,BR,Lula da Silva,regular,18.5,15.65,16.58,17.44,19.31,20.15,21.1,2023-03-10
2023-01-19,BR,Lula da Silva,positiva,44.3,41.38,42.3,43.17,45.08,45.91,46.8,2023-03-10
2023-01-19,BR,Lula da Silva,nsnr,8.8,6.17,7.02,7.83,9.71,10.6,11.49,2023-03-10
2023-01-19,BR,Lula da Silva,negativa,28.4,25.6,26.5,27.36,29.18,29.99,30.88,2023-03-10
2023-01-18,BR,Lula da Silva,regular,18.4,15.64,16.58,17.41,19.26,20.1,21.02,2023-03-10
2023-01-18,BR,Lula da Silva,positiva,44.4,41.45,42.33,43.2,45.09,45.9,46.77,2023-03-10
2023-01-18,BR,Lula da Silva,nsnr,8.9,6.2,7.08,7.88,9.74,10.58,11.54,2023-03-10
2023-01-18,BR,Lula da Silva,negativa,28.4,25.61,26.49,27.3,29.11,29.97,30.87,2023-03-10
2023-01-17,BR,Lula da Silva,regular,18.4,15.61,16.57,17.41,19.24,20.03,20.94,2023-03-10
2023-01-17,BR,Lula da Silva,positiva,44.4,41.48,42.37,43.25,45.08,45.88,46.8,2023-03-10
2023-01-17,BR,Lula da Silva,nsnr,8.9,6.24,7.16,7.93,9.77,10.61,11.49,2023-03-10
2023-01-17,BR,Lula da Silva,negativa,28.3,25.58,26.49,27.3,29.07,29.91,30.79,2023-03-10
2023-01-16,BR,Lula da Silva,regular,18.4,15.63,16.58,17.39,19.19,19.98,20.86,2023-03-10
2023-01-16,BR,Lula da Silva,positiva,44.4,41.53,42.45,43.3,45.08,45.87,46.71,2023-03-10
2023-01-16,BR,Lula da Silva,nsnr,8.9,6.35,7.23,8.02,9.79,10.62,11.51,2023-03-10
2023-01-16,BR,Lula da Silva,negativa,28.3,25.57,26.47,27.26,29.03,29.85,30.76,2023-03-10
2023-01-15,BR,Lula da Silva,regular,18.3,15.67,16.56,17.36,19.12,19.88,20.81,2023-03-10
2023-01-15,BR,Lula da Silva,positiva,44.4,41.59,42.52,43.32,45.08,45.85,46.7,2023-03-10
2023-01-15,BR,Lula da Silva,nsnr,9.0,6.44,7.32,8.1,9.8,10.61,11.48,2023-03-10
2023-01-15,BR,Lula da Silva,negativa,28.3,25.59,26.48,27.25,28.99,29.77,30.68,2023-03-10
2023-01-14,BR,Lula da Silva,regular,18.3,15.67,16.58,17.35,19.06,19.83,20.66,2023-03-10
2023-01-14,BR,Lula da Silva,positiva,44.4,41.7,42.56,43.35,45.09,45.8,46.61,2023-03-10
2023-01-14,BR,Lula da Silva,nsnr,9.0,6.54,7.41,8.15,9.84,10.59,11.44,2023-03-10
2023-01-14,BR,Lula da Silva,negativa,28.2,25.6,26.48,27.26,28.94,29.73,30.59,2023-03-10
2023-01-13,BR,Lula da Silva,regular,18.3,15.78,16.59,17.33,18.99,19.73,20.59,2023-03-10
2023-01-13,BR,Lula da Silva,positiva,44.4,41.83,42.67,43.39,45.05,45.79,46.58,2023-03-10
2023-01-13,BR,Lula da Silva,nsnr,9.1,6.68,7.5,8.23,9.84,10.58,11.36,2023-03-10
2023-01-13,BR,Lula da Silva,negativa,28.2,25.65,26.5,27.28,28.9,29.67,30.43,2023-03-10
2023-01-12,BR,Lula da Silva,regular,18.2,15.81,16.6,17.33,18.93,19.64,20.46,2023-03-10
2023-01-12,BR,Lula da Silva,positiva,44.5,41.97,42.75,43.45,45.04,45.74,46.49,2023-03-10
2023-01-12,BR,Lula da Silva,nsnr,9.1,6.79,7.61,8.29,9.84,10.59,11.36,2023-03-10
2023-01-12,BR,Lula da Silva,negativa,28.2,25.73,26.54,27.28,28.85,29.59,30.35,2023-03-10
2023-01-11,BR,Lula da Silva,regular,18.2,15.95,16.66,17.31,18.86,19.53,20.29,2023-03-10
2023-01-11,BR,Lula da Silva,positiva,44.5,42.09,42.84,43.52,45.0,45.67,46.42,2023-03-10
2023-01-11,BR,Lula da Silva,nsnr,9.2,6.98,7.72,8.37,9.87,10.51,11.29,2023-03-10
2023-01-11,BR,Lula da Silva,negativa,28.2,25.83,26.59,27.3,28.81,29.47,30.2,2023-03-10
2023-01-10,BR,Lula da Silva,regular,18.1,15.95,16.66,17.32,18.79,19.43,20.14,2023-03-10
2023-01-10,BR,Lula da Silva,positiva,44.5,42.18,42.9,43.57,45.01,45.68,46.39,2023-03-10
2023-01-10,BR,Lula da Silva,nsnr,9.2,7.03,7.79,8.43,9.86,10.49,11.24,2023-03-10
2023-01-10,BR,Lula da Silva,negativa,28.2,25.87,26.63,27.29,28.76,29.39,30.13,2023-03-10
2023-01-09,BR,Lula da Silva,regular,18.1,15.76,16.52,17.2,18.73,19.44,20.17,2023-03-10
2023-01-09,BR,Lula da Silva,positiva,44.6,42.21,42.92,43.6,45.11,45.8,46.55,2023-03-10
2023-01-09,BR,Lula da Silva,nsnr,9.2,6.94,7.68,8.39,9.86,10.53,11.27,2023-03-10
2023-01-09,BR,Lula da Silva,negativa,28.2,25.87,26.64,27.3,28.81,29.49,30.26,2023-03-10
2023-01-08,BR,Lula da Silva,regular,18.0,15.56,16.38,17.09,18.67,19.38,20.22,2023-03-10
2023-01-08,BR,Lula da Silva,positiva,44.7,42.24,42.94,43.63,45.19,45.9,46.62,2023-03-10
2023-01-08,BR,Lula da Silva,nsnr,9.1,6.8,7.63,8.34,9.86,10.56,11.37,2023-03-10
2023-01-08,BR,Lula da Silva,negativa,28.2,25.84,26.61,27.31,28.87,29.58,30.42,2023-03-10
2023-01-07,BR,Lula da Silva,regular,17.9,15.45,16.24,16.96,18.59,19.32,20.17,2023-03-10
2023-01-07,BR,Lula da Silva,positiva,44.7,42.24,42.98,43.68,45.28,46.01,46.79,2023-03-10
2023-01-07,BR,Lula da Silva,nsnr,9.1,6.74,7.58,8.27,9.85,10.57,11.43,2023-03-10
2023-01-07,BR,Lula da Silva,negativa,28.3,25.81,26.63,27.33,28.93,29.66,30.48,2023-03-10
2023-01-06,BR,Lula da Silva,regular,17.8,15.28,16.06,16.82,18.53,19.3,20.12,2023-03-10
2023-01-06,BR,Lula da Silva,positiva,44.8,42.18,42.97,43.7,45.35,46.09,46.9,2023-03-10
2023-01-06,BR,Lula da Silva,nsnr,9.1,6.67,7.49,8.26,9.87,10.63,11.54,2023-03-10
2023-01-06,BR,Lula da Silva,negativa,28.4,25.77,26.62,27.37,29.04,29.77,30.65,2023-03-10
2023-01-05,BR,Lula da Silva,regular,17.7,15.07,15.92,16.71,18.43,19.26,20.08,2023-03-10
2023-01-05,BR,Lula da Silva,positiva,44.8,42.11,42.97,43.73,45.43,46.21,47.02,2023-03-10
2023-01-05,BR,Lula da Silva,nsnr,9.1,6.56,7.4,8.22,9.9,10.65,11.55,2023-03-10
2023-01-05,BR,Lula da Silva,negativa,28.4,25.78,26.62,27.42,29.15,29.91,30.79,2023-03-10
2023-01-04,BR,Lula da Silva,regular,17.6,14.92,15.76,16.57,18.34,19.14,20.01,2023-03-10
2023-01-04,BR,Lula da Silva,positiva,44.9,42.15,42.96,43.74,45.49,46.28,47.18,2023-03-10
2023-01-04,BR,Lula da Silva,nsnr,9.1,6.43,7.37,8.18,9.92,10.7,11.58,2023-03-10
2023-01-04,BR,Lula da Silva,negativa,28.5,25.76,26.66,27.48,29.24,29.99,30.92,2023-03-10
2023-01-03,BR,Lula da Silva,regular,17.5,14.81,15.66,16.45,18.27,19.05,19.93,2023-03-10
2023-01-03,BR,Lula da Silva,positiva,44.9,42.1,43.0,43.76,45.55,46.35,47.2,2023-03-10
2023-01-03,BR,Lula da Silva,nsnr,9.1,6.41,7.36,8.15,9.92,10.72,11.68,2023-03-10
2023-01-03,BR,Lula da Silva,negativa,28.6,25.83,26.72,27.54,29.32,30.08,31.03,2023-03-10
2023-01-02,BR,Lula da Silva,regular,17.4,14.64,15.55,16.35,18.19,19.02,19.89,2023-03-10
2023-01-02,BR,Lula da Silva,positiva,44.9,42.08,43.03,43.78,45.6,46.39,47.32,2023-03-10
2023-01-02,BR,Lula da Silva,nsnr,9.1,6.34,7.28,8.11,9.9,10.76,11.66,2023-03-10
2023-01-02,BR,Lula da Silva,negativa,28.6,25.88,26.75,27.6,29.38,30.19,31.16,2023-03-10
2023-01-01,BR,Lula da Silva,regular,17.3,14.49,15.43,16.24,18.06,18.9,19.85,2023-03-10
2023-01-01,BR,Lula da Silva,positiva,45.0,42.12,43.03,43.82,45.65,46.48,47.37,2023-03-10
2023-01-01,BR,Lula da Silva,nsnr,9.0,6.29,7.25,8.08,9.92,10.72,11.67,2023-03-10
2023-01-01,BR,Lula da Silva,negativa,28.7,25.93,26.83,27.67,29.45,30.25,31.28,2023-03-10
