mes,mensal,presidente,positiva,regular,negativa,amostra,erro,nsnr,positiva_int,negativa_int,total_int,governo,bloco,mandato,eleicao,epu,ipca,igp,igpm,divida_publica,cambio,pib,pme,desocupacao,salario_real,cambio_var_mensal,cambio_lag,ipca_mes,ipca_var_mensal,ipca_var_anual,Inflacao_acumulada,pib_var_mensal,pib_var_anual,ipca_no_ano,pib_no_ano,cambio_defl
1995-01-31,1995-01,Fernando Henrique I,0.57,0.23,0.09,1000.0,3.0,10.0,570,90,660,FHC 1,left,1,0,58.11,1033.74,108.442,0.92,29.35,0.85,47028.6,,10.486956521739133,404.57,0.0,0.85,17.279999999999973,1.7,631.54,277.54,6.37,930.7,1.7,6.37,0.8190757128810229
1995-02-28,1995-02,Fernando Henrique I,0.57,0.23,0.09,1500.0,2.5,10.0,854,135,989,FHC 1,left,0,0,60.69,1044.28,109.945,1.39,29.43,0.84,49954.5,,10.486956521739133,400.53,-1.18,0.85,10.539999999999964,1.02,426.83,278.56,6.22,762.33,2.72,12.59,0.821421500692932
1995-03-31,1995-03,Fernando Henrique I,0.415,0.40750000000000003,0.125,1300.0,2.5,5.25,539,162,701,FHC 1,left,0,0,47.97,1060.47,111.178,1.12,28.92,0.89,60024.3,,10.486956521739133,394.14,5.95,0.84,16.190000000000055,1.55,274.78,280.11,20.16,604.48,4.27,32.75,0.861152141802068
1995-04-30,1995-04,Fernando Henrique I,0.39,0.4,0.17,2000.0,3.0,3.0,780,340,1120,FHC 1,left,0,0,65.07,1086.24,113.518,2.1,28.67,0.91,57789.5,,10.486956521739133,384.56,2.25,0.89,25.769999999999982,2.43,169.05,282.54,-3.72,350.47,6.7,29.03,0.864688079664161
1995-05-31,1995-05,Fernando Henrique I,0.38,0.425,0.15500000000000003,1600.0,3.0,3.5,608,248,856,FHC 1,left,0,0,12.69,1115.24,114.171,0.58,28.11,0.9,56350.5,,10.486956521739133,538.08,-1.1,0.91,29.0,2.67,91.79,285.21,-2.49,174.82,9.37,26.54,0.8505892665822539
1995-06-30,1995-06,Fernando Henrique I,0.405,0.395,0.17,1500.0,2.5,3.0,607,255,862,FHC 1,left,0,0,24.83,1140.44,116.984,2.46,28.58,0.91,56726.2,,10.486956521739133,526.6,1.11,0.9,25.200000000000045,2.26,33.03,287.47,0.67,71.24,11.63,27.21,0.8677879913944848
1995-07-31,1995-07,Fernando Henrique I,0.42,0.395,0.15000000000000002,1600.0,3.0,3.0,672,240,912,FHC 1,left,0,0,46.04,1167.35,119.114,1.82,28.74,0.93,58788.1,,10.486956521739133,513.95,2.2,0.91,26.909999999999854,2.36,27.45,289.83,3.63,44.13,13.99,30.84,0.8855021492770614
1995-08-31,1995-08,Fernando Henrique I,0.39,0.41,0.17,2000.0,3.0,3.0,780,340,1120,FHC 1,left,0,0,41.38,1178.91,121.729,2.2,29.06,0.94,60950.3,,10.486956521739133,508.76,1.08,0.93,11.560000000000173,0.99,26.36,290.82,3.68,38.92,14.98,34.52,0.920982275472819
1995-09-30,1995-09,Fernando Henrique I,0.41000000000000003,0.41000000000000003,0.15,1100.0,2.5,3.0,451,165,616,FHC 1,left,0,0,39.51,1190.58,120.869,-0.71,29.75,0.95,60610.8,,10.486956521739133,502.88,1.06,0.94,11.669999999999845,0.99,25.69,291.81,-0.56,38.27,15.97,33.96,0.9308842459649469
1995-10-31,1995-10,Fernando Henrique I,0.41000000000000003,0.41000000000000003,0.15,1100.0,2.5,3.0,451,165,616,FHC 1,left,0,0,39.81,1207.37,121.503,0.52,30.07,0.96,63428.1,,10.486956521739133,495.93,1.05,0.95,16.789999999999964,1.41,24.21,293.22,4.65,40.22,17.38,38.61,0.9327482496795187
1995-11-30,1995-11,Fernando Henrique I,0.43,0.4,0.15,1200.0,3.0,2.0,516,180,696,FHC 1,left,0,0,74.45,1225.12,122.955,1.2,30.28,0.96,67762.9,,10.486956521739133,488.56,0.0,0.96,17.75,1.47,22.59,294.69,6.83,47.55,18.85,45.44,0.9316054006110182
1995-12-31,1995-12,Fernando Henrique I,0.41,0.4,0.15,1000.0,2.0,4.0,410,150,560,FHC 1,left,0,0,61.93,1244.23,123.833,0.71,27.98,0.97,66577.7,6.7,6.7,480.63,1.04,0.96,19.110000000000127,1.56,22.41,296.25,-1.75,50.59,20.41,43.69,0.9397400551398187
1996-01-31,1996-01,Fernando Henrique I,0.41,0.4,0.15,1000.0,2.0,4.0,410,150,560,FHC 1,left,0,0,39.87,1260.9,125.977,1.73,27.95,0.97,64133.3,,10.486956521739133,473.71,0.0,0.97,16.670000000000073,1.34,21.97,297.59,-3.67,36.37,1.34,-3.67,0.9439510558515884
1996-02-29,1996-02,Fernando Henrique I,0.41,0.39,0.17,1200.0,3.0,3.0,491,204,695,FHC 1,left,0,0,14.63,1273.89,127.202,0.97,28.08,0.98,62202.2,,10.486956521739133,470.38,1.03,0.97,12.990000000000009,1.03,21.99,298.62,-3.01,24.52,2.37,-6.68,0.9598139166584183
1996-03-31,1996-03,Fernando Henrique I,0.41,0.39,0.17,1200.0,3.0,3.0,491,204,695,FHC 1,left,0,0,67.86,1278.35,127.715,0.4,28.12,0.99,62987.8,,10.486956521739133,469.02,1.02,0.98,4.459999999999809,0.35,20.55,298.97,1.26,4.94,2.72,-5.42,0.9830592924763326
1996-04-30,1996-04,Fernando Henrique I,0.41,0.39,0.17,1200.0,3.0,3.0,491,204,695,FHC 1,left,0,0,72.43,1294.46,128.13,0.32,28.68,0.99,64019.1,,10.486956521739133,464.69,0.0,0.99,16.110000000000127,1.26,19.17,300.23,1.64,10.78,3.98,-3.78,0.9652380011850683
1996-05-31,1996-05,Fernando Henrique I,0.26,0.45,0.26,2000.0,3.0,3.0,520,520,1040,FHC 1,left,0,0,62.98,1310.25,130.121,1.55,29.33,1.0,69488.7,,10.486956521739133,513.88,1.01,0.99,15.789999999999964,1.22,17.49,301.45,8.54,23.32,5.2,4.76,0.9758940920766648
1996-06-30,1996-06,Fernando Henrique I,0.3,0.41,0.25,1000.0,2.0,4.0,300,250,550,FHC 1,left,0,0,70.8,1325.84,131.445,1.02,29.9,1.0,71103.0,,10.486956521739133,507.14,0.0,1.0,15.589999999999918,1.19,16.26,302.64,2.32,25.34,6.39,7.08,0.9764798893171263
1996-07-31,1996-07,Fernando Henrique I,0.3,0.41,0.25,1000.0,2.0,4.0,300,250,550,FHC 1,left,0,0,49.0,1340.56,133.213,1.35,30.08,1.01,74969.9,,10.486956521739133,501.12,1.0,1.0,14.720000000000027,1.11,14.84,303.75,5.44,27.53,7.5,12.52,0.9879339333399264
1996-08-31,1996-08,Fernando Henrique I,0.38,0.4,0.19,1200.0,3.0,2.0,456,228,684,FHC 1,left,0,0,29.65,1346.46,133.587,0.28,30.28,1.01,74798.8,,10.486956521739133,498.63,0.0,1.01,5.900000000000091,0.44,14.21,304.19,-0.23,22.72,7.94,12.29,1.001194743130227
1996-09-30,1996-09,Fernando Henrique I,0.43,0.38,0.17,1000.0,2.0,2.0,430,170,600,FHC 1,left,0,0,18.51,1348.48,133.722,0.1,30.56,1.02,71744.6,,10.486956521739133,498.53,0.99,1.01,2.019999999999982,0.15,13.26,304.34,-4.08,18.37,8.09,8.21,1.0169745381927107
1996-10-31,1996-10,Fernando Henrique I,0.43,0.38,0.17,1000.0,2.0,2.0,430,170,600,FHC 1,left,0,0,91.75,1352.53,133.978,0.19,30.72,1.03,77200.1,,10.486956521739133,496.65,0.98,1.02,4.0499999999999545,0.3,12.02,304.64,7.6,21.71,8.39,15.81,1.0239282153539389
1996-11-30,1996-11,Fernando Henrique I,0.43,0.38,0.17,1000.0,2.0,2.0,430,170,600,FHC 1,left,0,0,66.44,1356.86,134.242,0.2,30.77,1.03,80449.1,,10.486956521739133,494.96,0.0,1.03,4.329999999999927,0.32,10.75,304.96,4.21,18.72,8.71,20.02,1.0235247208931422
1996-12-31,1996-12,Fernando Henrique I,0.46499999999999997,0.37,0.14,1100.0,2.5,2.5,511,154,665,FHC 1,left,0,0,50.51,1363.24,135.225,0.73,30.72,1.04,81667.1,7.6,7.6,493.33,0.97,1.03,6.380000000000109,0.47,9.56,305.43,1.51,22.66,9.18,21.53,1.0304568527918785
1997-01-31,1997-01,Fernando Henrique I,0.46499999999999997,0.37,0.14,1100.0,2.5,2.5,511,154,665,FHC 1,left,0,0,45.35,1379.33,137.613,1.77,30.64,1.04,77582.6,,10.486956521739133,489.37,0.0,1.04,16.089999999999918,1.18,9.39,306.61,-5.0,20.97,1.18,-5.0,1.0162087369045265
1997-02-28,1997-02,Fernando Henrique I,0.46499999999999997,0.37,0.14,1100.0,2.5,2.5,511,154,665,FHC 1,left,0,0,58.6,1386.23,138.204,0.43,30.54,1.05,71072.8,,10.486956521739133,487.17,0.96,1.04,6.900000000000091,0.5,8.82,307.11,-8.39,14.26,1.68,-13.39,1.0398009950248754
1997-03-31,1997-03,Fernando Henrique I,0.46499999999999997,0.37,0.15000000000000002,1600.0,3.0,1.5,744,240,984,FHC 1,left,0,0,52.28,1393.3,139.795,1.15,30.6,1.06,70461.6,,10.486956521739133,483.88,0.95,1.05,7.069999999999936,0.51,8.99,307.62,-0.86,11.87,2.19,-14.25,1.0495473087254998
1997-04-30,1997-04,Fernando Henrique I,0.46499999999999997,0.37,0.15000000000000002,1600.0,3.0,1.5,744,240,984,FHC 1,left,0,0,56.7,1405.56,140.742,0.68,30.72,1.06,73576.4,,10.486956521739133,481.0,0.0,1.06,12.259999999999991,0.88,8.58,308.5,4.42,14.93,3.07,-9.83,1.0420301348136403
1997-05-31,1997-05,Fernando Henrique I,0.38,0.375,0.22,1100.0,2.5,3.0,418,242,660,FHC 1,left,0,0,42.34,1411.32,141.04,0.21,30.41,1.07,78110.8,,10.486956521739133,514.79,0.94,1.06,5.759999999999991,0.41,7.71,308.91,6.16,12.41,3.48,-3.67,1.0615476546160743
1997-06-30,1997-06,Fernando Henrique I,0.39,0.39,0.16,1000.0,2.0,6.0,390,160,550,FHC 1,left,0,0,72.26,1418.94,142.09,0.74,29.6,1.07,81202.4,,10.486956521739133,512.99,0.0,1.07,7.620000000000118,0.54,7.02,309.45,3.96,14.2,4.02,0.29,1.058882037000199
1997-07-31,1997-07,Fernando Henrique I,0.39,0.39,0.16,1000.0,2.0,6.0,390,160,550,FHC 1,left,0,0,42.39,1422.06,142.221,0.09,29.91,1.08,82058.7,,10.486956521739133,512.07,0.93,1.07,3.119999999999891,0.22,6.08,309.67,1.05,9.46,4.24,1.34,1.0754340451007782
1997-08-31,1997-08,Fernando Henrique I,0.38,0.35,0.24,1200.0,3.0,3.0,456,288,744,FHC 1,left,0,0,38.2,1421.78,142.353,0.09,29.71,1.09,82132.5,,10.486956521739133,512.22,0.93,1.08,-0.2799999999999727,-0.02,5.59,309.65,0.09,9.8,4.22,1.43,1.090418083616723
1997-09-30,1997-09,Fernando Henrique I,0.395,0.36,0.175,1500.0,2.5,1.5,592,262,854,FHC 1,left,0,0,72.3,1422.63,143.042,0.48,30.14,1.09,81987.3,,10.486956521739133,511.71,0.0,1.09,0.8500000000001364,0.06,5.5,309.71,-0.18,14.28,4.28,1.25,1.0887467519488307
1997-10-31,1997-10,Fernando Henrique I,0.43,0.37,0.17,1200.0,3.0,3.0,516,204,720,FHC 1,left,0,0,38.87,1425.9,143.567,0.37,30.37,1.1,87297.2,,10.486956521739133,510.24,0.92,1.09,3.269999999999982,0.23,5.42,309.94,6.48,13.08,4.51,7.73,1.0951810835079319
1997-11-30,1997-11,Fernando Henrique I,0.43,0.37,0.17,1200.0,3.0,3.0,516,204,720,FHC 1,left,0,0,123.92,1428.32,144.481,0.64,30.55,1.11,85390.1,,10.486956521739133,509.47,0.91,1.1,2.4199999999998454,0.17,5.27,310.11,-2.18,6.14,4.68,5.55,1.1064190875511635
1997-12-31,1997-12,Fernando Henrique I,0.375,0.405,0.195,1500.0,2.5,2.5,562,292,854,FHC 1,left,0,0,127.46,1434.46,145.695,0.84,31.83,1.11,81216.8,8.5,8.5,506.58,0.0,1.11,6.1400000000001,0.43,5.22,310.54,-4.89,-0.55,5.11,0.66,1.1009658468585086
1998-01-31,1998-01,Fernando Henrique I,0.375,0.43,0.185,1600.0,3.0,2.0,600,296,896,FHC 1,left,0,0,91.32,1444.64,147.091,0.96,32.66,1.12,79363.9,,10.486956521739133,502.32,0.9,1.11,10.180000000000064,0.71,4.73,311.25,-2.28,2.3,0.71,-2.28,1.105054115777976
1998-02-28,1998-02,Fernando Henrique I,0.375,0.43,0.185,1600.0,3.0,2.0,600,296,896,FHC 1,left,0,0,53.3,1451.29,147.356,0.18,33.15,1.13,75828.1,,10.486956521739133,499.62,0.89,1.12,6.649999999999864,0.46,4.69,311.71,-4.46,6.69,1.17,-6.74,1.1202468644236512
1998-03-31,1998-03,Fernando Henrique I,0.385,0.385,0.21,1100.0,2.5,2.5,423,231,654,FHC 1,left,0,0,53.73,1456.22,147.635,0.19,33.24,1.13,80508.7,,10.486956521739133,497.18,0.0,1.13,4.930000000000064,0.34,4.52,312.05,6.17,14.26,1.51,-0.57,1.1227825393661548
1998-04-30,1998-04,Fernando Henrique I,0.32999999999999996,0.43,0.22,1501.0,2.1,2.0,495,330,825,FHC 1,left,0,0,37.66,1459.71,147.821,0.13,33.46,1.14,81166.1,,10.486956521739133,494.96,0.88,1.13,3.490000000000009,0.24,3.85,312.29,0.82,10.32,1.75,0.25,1.13487629688747
1998-05-31,1998-05,Fernando Henrique I,0.31,0.41333333333333333,0.25333333333333335,1400.6666666666667,2.4,2.3333333333333335,434,354,788,FHC 1,left,0,0,43.41,1467.01,148.021,0.14,33.92,1.15,85207.5,,10.486956521739133,532.37,0.88,1.14,7.2999999999999545,0.5,3.95,312.79,4.98,9.09,2.25,5.23,1.139303482587065
1998-06-30,1998-06,Fernando Henrique I,0.31,0.4,0.26,1501.0,2.1,3.0,465,390,855,FHC 1,left,0,0,92.31,1467.3,148.588,0.38,35.17,1.15,85562.4,,10.486956521739133,531.58,0.0,1.15,0.2899999999999636,0.02,3.41,312.81,0.42,5.37,2.27,5.65,1.1495700859828033
1998-07-31,1998-07,Fernando Henrique I,0.3833333333333333,0.4066666666666667,0.19333333333333336,1400.6666666666667,2.4,2.0,536,270,806,FHC 1,left,0,0,40.22,1465.54,148.339,-0.17,35.55,1.16,86938.5,,10.486956521739133,533.07,0.87,1.15,-1.759999999999991,-0.12,3.06,312.69,1.61,5.95,2.15,7.26,1.1625951141369644
1998-08-31,1998-08,Fernando Henrique I,0.4,0.4,0.18,1500.0,2.5,2.0,600,270,870,FHC 1,left,0,0,114.56,1458.07,148.109,-0.16,35.81,1.17,86371.3,,10.486956521739133,535.69,0.86,1.16,-7.470000000000027,-0.51,2.55,312.18,-0.65,5.16,1.64,6.61,1.181123731028244
1998-09-30,1998-09,Fernando Henrique I,0.44,0.365,0.17,1500.0,2.5,2.5,660,255,915,FHC 1,left,0,0,170.3,1454.86,147.984,-0.08,36.52,1.18,84733.5,,10.486956521739133,537.36,0.85,1.17,-3.2100000000000364,-0.22,2.27,311.96,-1.9,3.35,1.42,4.71,1.18480657446382
1998-10-31,1998-10,Fernando Henrique I,0.44,0.365,0.17,1500.0,2.5,2.5,660,255,915,FHC 1,left,0,1,71.36,1455.15,148.1,0.08,37.58,1.19,87302.8,,10.486956521739133,536.77,0.85,1.18,0.290000000000191,0.02,2.05,311.98,3.03,0.01,1.44,7.74,1.1895620875824835
1998-11-30,1998-11,Fernando Henrique I,0.44,0.365,0.17,1500.0,2.5,2.5,660,255,915,FHC 1,left,0,0,110.05,1453.4,147.628,-0.32,38.55,1.19,86316.5,,10.486956521739133,537.73,0.0,1.19,-1.75,-0.12,1.76,311.86,-1.13,1.08,1.32,6.61,1.1926311573888664
1998-12-31,1998-12,Fernando Henrique I,0.33499999999999996,0.4,0.24,1503.5,2.1,2.5,503,360,863,FHC 1,left,0,0,98.4,1458.2,148.291,0.45,38.94,1.21,83051.8,9.7,9.7,535.48,1.68,1.19,4.7999999999999545,0.33,1.65,312.19,-3.78,2.26,1.65,2.83,1.2027309877404564
1999-01-31,1999-01,Fernando Henrique II,0.27,0.37,0.33,2002.0,2.2,3.0,540,660,1200,FHC 2,right,1,0,189.16,1468.41,149.533,0.84,47.06,1.5,80936.3,,10.486956521739133,532.03,23.97,1.21,10.210000000000036,0.7,1.65,312.89,-2.55,1.98,0.7,-2.55,1.4826216484607748
1999-02-28,1999-02,Fernando Henrique II,0.21,0.39,0.36,1000.0,2.0,4.0,210,360,570,FHC 2,right,0,0,128.02,1483.83,154.933,3.61,47.21,1.91,80929.1,,10.486956521739133,525.25,27.33,1.5,15.419999999999845,1.05,2.24,313.94,-0.01,6.73,1.75,-2.56,1.8797624938149435
1999-03-31,1999-03,Fernando Henrique II,0.19000000000000003,0.35000000000000003,0.4366666666666667,1734.6666666666667,2.466666666666667,2.3333333333333335,329,757,1086,FHC 2,right,0,0,75.84,1500.15,159.325,2.83,43.87,1.9,88802.6,,10.486956521739133,518.61,-0.52,1.91,16.320000000000164,1.1,3.02,315.04,9.73,10.3,2.85,7.17,1.8684470820969339
1999-04-30,1999-04,Fernando Henrique II,0.17,0.35,0.46,2011.0,2.2,2.0,341,925,1266,FHC 2,right,0,0,65.81,1508.55,160.459,0.71,43.73,1.69,87739.0,,10.486956521739133,516.19,-11.05,1.9,8.399999999999864,0.56,3.35,315.6,-1.2,8.1,3.41,5.97,1.6750198886237069
1999-05-31,1999-05,Fernando Henrique II,0.16499999999999998,0.33499999999999996,0.475,1605.0,2.6,2.5,264,762,1026,FHC 2,right,0,0,52.72,1513.08,159.996,-0.29,45.07,1.68,89223.0,,10.486956521739133,539.74,-0.59,1.69,4.529999999999973,0.3,3.14,315.9,1.69,4.71,3.71,7.66,1.6719840478564305
1999-06-30,1999-06,Fernando Henrique II,0.16,0.38,0.44,1000.0,2.0,2.0,160,440,600,FHC 2,right,0,0,71.01,1515.95,160.573,0.36,45.18,1.77,91746.9,,10.486956521739133,539.36,5.36,1.68,2.8700000000001182,0.19,3.32,316.09,2.83,7.23,3.9,10.49,1.7647469807366005
1999-07-31,1999-07,Fernando Henrique II,0.14,0.315,0.525,1601.0,2.6,2.5,224,840,1064,FHC 2,right,0,0,80.24,1532.47,163.06,1.55,45.58,1.8,91230.4,,10.486956521739133,535.4,1.69,1.77,16.519999999999982,1.09,4.57,317.18,-0.56,4.94,4.99,9.93,1.7698090810169158
1999-08-31,1999-08,Fernando Henrique II,0.12,0.28,0.59,2002.0,2.2,1.0,240,1181,1421,FHC 2,right,0,0,35.26,1541.05,165.603,1.56,46.57,1.88,92283.4,,10.486956521739133,532.47,4.44,1.8,8.579999999999927,0.56,5.69,317.74,1.15,6.84,5.55,11.08,1.863961813842482
1999-09-30,1999-09,Fernando Henrique II,0.12333333333333334,0.27666666666666667,0.5733333333333334,1400.6666666666667,2.4,2.6666666666666665,172,803,975,FHC 2,right,0,0,62.94,1545.83,167.997,1.45,46.01,1.9,90611.8,,10.486956521739133,530.41,1.06,1.88,4.779999999999973,0.31,6.25,318.05,-1.81,6.94,5.86,9.27,1.8910377828730929
1999-10-31,1999-10,Fernando Henrique II,0.08,0.27,0.62,2002.0,2.2,3.0,160,1241,1401,FHC 2,right,0,0,96.94,1564.23,170.861,1.7,45.97,1.97,95872.4,,10.486956521739133,525.36,3.68,1.9,18.40000000000009,1.19,7.5,319.24,5.81,9.82,7.05,15.08,1.9350726356359322
1999-11-30,1999-11,Fernando Henrique II,0.14,0.30000000000000004,0.5349999999999999,1601.0,2.6,3.0,224,856,1080,FHC 2,right,0,0,52.28,1579.09,174.939,2.39,45.12,1.93,99563.1,,10.486956521739133,520.47,-2.03,1.97,14.8599999999999,0.95,8.65,320.19,3.85,15.35,8.0,18.93,1.9024269440316983
1999-12-31,1999-12,Fernando Henrique II,0.14,0.31,0.525,1501.5,2.1,2.5,210,788,998,FHC 2,right,0,0,49.52,1588.56,178.099,1.81,44.53,1.84,98772.5,10.4,10.4,516.65,-4.66,1.93,9.470000000000027,0.6,8.94,320.79,-0.79,18.93,8.6,18.14,1.8230616302186875
2000-01-31,2000-01,Fernando Henrique II,0.16,0.4,0.43,2002.0,2.2,1.0,320,860,1180,FHC 2,right,0,0,54.6,1598.41,180.301,1.24,44.98,1.8,92576.6,,10.486956521739133,513.52,-2.17,1.84,9.850000000000136,0.62,8.85,321.41,-6.27,14.38,0.62,-6.27,1.7827469687934805
2000-02-29,2000-02,Fernando Henrique II,0.18,0.35,0.44,1601.0,2.6,3.0,288,704,992,FHC 2,right,0,0,41.26,1600.49,180.935,0.35,45.48,1.78,91770.4,,10.486956521739133,513.26,-1.11,1.8,2.0799999999999272,0.13,7.86,321.54,-0.87,13.4,0.75,-7.14,1.7763906921002697
2000-03-31,2000-03,Fernando Henrique II,0.16999999999999998,0.33999999999999997,0.47,1501.0,2.1,2.0,255,705,960,FHC 2,right,0,0,73.61,1604.01,181.214,0.15,45.49,1.74,92579.9,,10.486956521739133,512.59,-2.25,1.78,3.519999999999982,0.22,6.92,321.76,0.88,4.25,0.97,-6.26,1.7339852324885254
2000-04-30,2000-04,Fernando Henrique II,0.14,0.34,0.51,2002.0,2.2,1.0,280,1021,1301,FHC 2,right,0,0,96.35,1610.75,181.635,0.23,46.39,1.77,91376.2,,10.486956521739133,568.62,1.72,1.74,6.740000000000009,0.42,6.77,322.18,-1.3,4.15,1.39,-7.56,1.758414658434575
2000-05-31,2000-05,Fernando Henrique II,0.175,0.315,0.49,1601.0,2.6,2.0,280,784,1064,FHC 2,right,0,0,189.97,1610.91,182.189,0.31,46.55,1.83,98727.0,,10.486956521739133,568.9,3.39,1.77,0.16000000000008185,0.01,6.47,322.19,8.04,10.65,1.4,0.48,1.8297170282971704
2000-06-30,2000-06,Fernando Henrique II,0.16,0.32,0.5,1501.0,2.1,2.0,240,750,990,FHC 2,right,0,0,106.87,1614.62,183.745,0.85,45.98,1.81,102685.4,,10.486956521739133,567.2,-1.09,1.83,3.709999999999809,0.23,6.51,322.42,4.01,11.92,1.63,4.49,1.8035518307891851
2000-07-31,2000-07,Fernando Henrique II,0.19,0.34,0.44,2007.0,2.2,3.0,381,883,1264,FHC 2,right,0,0,54.12,1640.62,186.634,1.57,45.3,1.8,103410.4,,10.486956521739133,559.42,-0.55,1.81,26.0,1.61,7.06,324.03,0.71,13.35,3.24,5.2,1.7556342879637827
2000-08-31,2000-08,Fernando Henrique II,0.2,0.36,0.39,1200.0,3.0,5.0,240,468,708,FHC 2,right,0,0,99.49,1662.11,191.087,2.39,44.7,1.81,105177.8,,10.486956521739133,552.73,0.56,1.8,21.49000000000001,1.31,7.86,325.34,1.71,13.97,4.55,6.91,1.7736649886487017
2000-09-30,2000-09,Fernando Henrique II,0.188,0.391,0.39299999999999996,2002.0,2.2,2.8,376,786,1162,FHC 2,right,0,0,103.93,1665.93,193.297,1.16,44.86,1.84,100307.6,,10.486956521739133,550.37,1.66,1.81,3.8200000000001637,0.23,7.77,325.57,-4.63,10.7,4.78,2.28,1.8334829891250126
2000-10-31,2000-10,Fernando Henrique II,0.23199999999999998,0.369,0.38,1501.0,2.1,1.9,348,570,918,FHC 2,right,0,0,113.86,1668.26,194.04,0.38,45.46,1.88,106951.1,,10.486956521739133,549.49,2.17,1.84,2.3299999999999272,0.14,6.65,325.71,6.62,11.56,4.92,8.9,1.875973636908328
2000-11-30,2000-11,Fernando Henrique II,0.191,0.41700000000000004,0.35700000000000004,2002.0,2.2,3.5,382,714,1096,FHC 2,right,0,0,73.12,1673.6,194.599,0.29,45.16,1.95,107678.0,,10.486956521739133,547.9,3.72,1.88,5.339999999999918,0.32,5.99,326.03,0.68,8.15,5.24,9.58,1.9405901116427433
2000-12-31,2000-12,Fernando Henrique II,0.24,0.37533333333333335,0.3566666666666667,1400.6666666666667,2.4,3.1333333333333333,336,499,835,FHC 2,right,0,0,85.99,1683.47,195.827,0.63,45.54,1.96,105851.6,,10.486956521739133,544.9,0.51,1.95,9.870000000000118,0.59,5.97,326.62,-1.7,7.17,5.83,7.88,1.9426384332438613
2001-01-31,2001-01,Fernando Henrique II,0.254,0.40399999999999997,0.306,2002.0,2.2,3.6,508,612,1120,FHC 2,right,0,0,81.49,1693.07,197.045,0.62,45.38,1.95,102530.7,,10.486956521739133,540.74,-0.51,1.96,9.599999999999909,0.57,5.92,327.19,-3.14,10.75,0.57,-3.14,1.933280302277021
2001-02-28,2001-02,Fernando Henrique II,0.262,0.39799999999999996,0.295,2002.0,2.2,4.5,524,590,1114,FHC 2,right,0,0,96.23,1700.86,197.491,0.23,45.91,2.0,101635.3,,10.486956521739133,538.1,2.56,1.95,7.789999999999964,0.46,6.27,327.65,-0.87,10.75,1.03,-4.01,1.9862631893290863
2001-03-31,2001-03,Fernando Henrique II,0.2965,0.3935,0.28300000000000003,1501.0,2.1,2.7,445,424,869,FHC 2,right,0,0,70.22,1707.32,198.606,0.56,46.25,2.09,108303.8,,10.486956521739133,535.53,4.5,2.0,6.460000000000036,0.38,6.44,328.03,6.56,16.98,1.41,2.55,2.0783024506873877
2001-04-30,2001-04,Fernando Henrique II,0.297,0.389,0.27899999999999997,2002.0,2.2,3.5,594,558,1152,FHC 2,right,0,0,112.88,1717.22,200.591,1.0,46.26,2.19,107572.0,,10.486956521739133,633.06,4.78,2.09,9.900000000000091,0.58,6.61,328.61,-0.68,17.72,1.99,1.87,2.171604692781865
2001-05-31,2001-05,Fernando Henrique II,0.2405,0.371,0.3405,1601.0,2.6,4.8,385,545,930,FHC 2,right,0,0,61.97,1724.26,202.324,0.86,47.4,2.3,111202.2,,10.486956521739133,629.47,5.02,2.19,7.039999999999964,0.41,7.04,329.02,3.37,12.64,2.4,5.24,2.2865252464893935
2001-06-30,2001-06,Fernando Henrique II,0.18566666666666665,0.35366666666666663,0.4383333333333333,1400.6666666666667,2.4,2.566666666666667,260,613,873,FHC 2,right,0,0,81.89,1733.23,204.31,0.98,47.08,2.38,104949.4,,10.486956521739133,625.72,3.48,2.3,8.970000000000027,0.52,7.35,329.54,-5.62,2.2,2.92,-0.38,2.3625149224035016
2001-07-31,2001-07,Fernando Henrique II,0.198,0.335,0.436,2002.0,2.2,3.1,396,872,1268,FHC 2,right,0,0,121.69,1756.28,207.341,1.48,48.26,2.47,110758.9,,10.486956521739133,618.85,3.78,2.38,23.049999999999955,1.33,7.05,330.87,5.54,7.11,4.25,5.16,2.424454751801046
2001-08-31,2001-08,Fernando Henrique II,0.217,0.353,0.4,2002.0,2.2,3.0,434,800,1234,FHC 2,right,0,0,146.83,1768.57,210.211,1.38,49.3,2.51,113064.7,,10.486956521739133,614.0,1.62,2.47,12.289999999999964,0.7,6.41,331.57,2.08,7.5,4.95,7.24,2.485600794438928
2001-09-30,2001-09,Fernando Henrique II,0.219,0.39033333333333337,0.3713333333333333,1400.6666666666667,2.4,2.2666666666666666,306,520,826,FHC 2,right,0,0,137.0,1773.52,210.853,0.31,49.9,2.67,108700.8,,10.486956521739133,611.31,6.37,2.51,4.9500000000000455,0.28,6.46,331.85,-3.86,8.37,5.23,3.38,2.659752692461109
2001-10-31,2001-10,Fernando Henrique II,0.22,0.389,0.364,2002.0,2.2,2.7,440,728,1168,FHC 2,right,0,0,145.02,1788.24,213.339,1.18,49.64,2.74,116139.0,,10.486956521739133,605.62,2.62,2.67,14.720000000000027,0.83,7.19,332.68,6.84,8.59,6.06,10.22,2.7092135277199247
2001-11-30,2001-11,Fernando Henrique II,0.24,0.39,0.36,1000.0,2.0,1.0,240,360,600,FHC 2,right,0,0,88.79,1800.94,215.685,1.1,48.38,2.54,117882.0,,10.486956521739133,597.91,-7.3,2.74,12.700000000000045,0.71,7.61,333.39,1.5,9.48,6.77,11.72,2.5150431933273754
2001-12-31,2001-12,Fernando Henrique II,0.2263333333333333,0.39333333333333337,0.35733333333333334,1400.6666666666667,2.4,2.3000000000000003,317,500,817,FHC 2,right,0,0,133.19,1812.65,216.163,0.22,51.49,2.36,113016.7,10.1,10.1,593.52,-7.09,2.54,11.710000000000036,0.65,7.67,334.04,-4.13,6.77,7.42,7.59,2.338301043219076
2002-01-31,2002-01,Fernando Henrique II,0.267,0.389,0.305,2002.0,2.2,3.9,534,610,1144,FHC 2,right,0,0,97.47,1822.08,216.944,0.36,52.28,2.38,112374.8,10.8,10.8,587.23,0.85,2.36,9.429999999999836,0.52,7.62,334.56,-0.57,9.6,0.52,-0.57,2.3625149224035016
2002-02-28,2002-02,Fernando Henrique II,0.292,0.389,0.28900000000000003,2001.0,2.1,3.0,584,578,1162,FHC 2,right,0,0,78.38,1828.64,217.074,0.06,51.43,2.42,111477.1,11.1,11.1,585.42,1.68,2.38,6.560000000000173,0.36,7.51,334.92,-0.8,9.68,0.88,-1.37,2.407732164208848
2002-03-31,2002-03,Fernando Henrique II,0.2836666666666667,0.39566666666666667,0.2936666666666667,1734.0,2.4,3.033333333333333,491,509,1000,FHC 2,right,0,0,100.65,1839.61,217.276,0.09,51.01,2.35,118444.7,12.9,12.9,581.81,-2.89,2.42,10.9699999999998,0.6,7.75,335.52,6.25,9.36,1.48,4.88,2.3300198807157058
2002-04-30,2002-04,Fernando Henrique II,0.268,0.39049999999999996,0.308,2001.0,2.1,3.35,536,616,1152,FHC 2,right,0,0,100.33,1854.33,218.486,0.56,50.95,2.32,120385.9,12.5,12.5,642.09,-1.28,2.35,14.720000000000027,0.8,7.98,336.32,1.64,11.91,2.28,6.52,2.2936507936507935
2002-05-31,2002-05,Fernando Henrique II,0.2806666666666667,0.3996666666666666,0.2916666666666667,1734.0,2.4,3.1333333333333333,486,505,991,FHC 2,right,0,0,139.58,1858.22,220.292,0.83,52.17,2.48,123552.5,11.9,11.9,641.51,6.9,2.32,3.8900000000001,0.21,7.77,336.53,2.63,11.11,2.49,9.15,2.4727073146392575
2002-06-30,2002-06,Fernando Henrique II,0.304,0.399,0.27,2001.0,2.1,3.2,608,540,1148,FHC 2,right,0,0,163.81,1866.02,223.688,1.54,54.54,2.71,123424.4,11.6,11.6,637.62,9.27,2.48,7.7999999999999545,0.42,7.66,336.95,-0.1,17.6,2.91,9.05,2.6944831706831307
2002-07-31,2002-07,Fernando Henrique II,0.2733333333333334,0.4066666666666667,0.3,1066.6666666666667,2.3333333333333335,2.3333333333333335,291,320,611,FHC 2,right,0,0,107.62,1888.23,228.057,1.95,58.79,2.93,126856.6,11.9,11.9,630.37,8.12,2.71,22.210000000000036,1.19,7.51,338.14,2.78,14.53,4.1,11.83,2.883782982508153
2002-08-31,2002-08,Fernando Henrique II,0.25866666666666666,0.39766666666666667,0.312,2000.6666666666667,2.066666666666667,2.1666666666666665,517,624,1141,FHC 2,right,0,0,172.39,1900.5,233.348,2.32,55.91,3.11,127800.1,11.7,11.7,625.0,6.14,2.93,12.269999999999982,0.65,7.46,338.79,0.74,13.03,4.75,12.57,3.083457526080476
2002-09-30,2002-09,Fernando Henrique II,0.243,0.38175000000000003,0.34199999999999997,1250.5,2.05,3.325,303,427,730,FHC 2,right,0,0,154.33,1914.18,238.943,2.4,62.45,3.34,125137.8,11.5,11.5,619.85,7.4,3.11,13.680000000000064,0.72,7.93,339.51,-2.08,15.12,5.47,10.49,3.3089753772835575
2002-10-31,2002-10,Fernando Henrique II,0.24433333333333332,0.3953333333333333,0.328,1000.0,2.066666666666667,3.233333333333333,244,328,572,FHC 2,right,0,1,128.66,1939.26,248.199,3.87,60.4,3.81,133125.4,11.2,11.2,610.27,14.07,3.34,25.079999999999927,1.31,8.45,340.82,6.38,14.63,6.78,16.87,3.7478037706050733
2002-11-30,2002-11,Fernando Henrique II,0.24433333333333332,0.3953333333333333,0.328,1000.0,2.066666666666667,3.233333333333333,244,328,572,FHC 2,right,0,0,112.79,1997.83,261.08,5.19,59.85,3.58,135966.6,10.9,10.9,590.26,-6.04,3.81,58.569999999999936,3.02,10.93,343.84,2.13,15.34,9.8,19.0,3.445738691516211
2002-12-31,2002-12,Fernando Henrique II,0.26,0.36,0.36,1000.0,2.0,2.0,260,360,620,FHC 2,right,0,0,128.03,2039.78,270.867,3.75,59.93,3.63,130241.2,10.5,10.5,574.74,1.4,3.58,41.950000000000045,2.1,12.53,345.94,-4.21,15.24,11.9,14.79,3.534769833496572
2003-01-31,2003-01,Lula da Silva I,0.5660000000000001,0.177,0.023,2000.0,2.2,23.4,1132,46,1178,LULA 1,left,1,0,88.15,2085.68,277.173,2.33,59.97,3.44,127177.5,11.2,11.2,560.89,-5.23,3.63,45.899999999999864,2.25,14.47,348.19,-2.35,13.17,2.25,-2.35,3.342298288508557
2003-02-28,2003-02,Lula da Silva I,0.5660000000000001,0.177,0.023,2000.0,2.2,23.4,1132,46,1178,LULA 1,left,0,0,120.28,2118.43,283.506,2.28,60.26,3.59,131373.6,11.6,11.6,552.82,4.36,3.44,32.75,1.57,15.85,349.76,3.3,17.85,3.82,0.95,3.519050900856552
2003-03-31,2003-03,Lula da Silva I,0.48,0.3185,0.07450000000000001,1600.0,2.6,10.2,768,119,887,LULA 1,left,0,0,133.69,2144.49,287.855,1.53,58.46,3.45,138690.5,12.1,12.1,545.35,-3.9,3.59,26.059999999999945,1.23,16.57,350.99,5.57,17.09,5.05,6.52,3.3959300602588165
2003-04-30,2003-04,Lula da Silva I,0.4623333333333333,0.36933333333333335,0.09133333333333334,1400.0,2.466666666666667,7.7,647,127,774,LULA 1,left,0,0,96.79,2165.29,290.512,0.92,54.44,3.12,141388.1,12.5,12.5,645.51,-9.57,3.45,20.800000000000182,0.97,16.77,351.96,1.95,17.45,6.02,8.47,3.0804199267109045
2003-05-31,2003-05,Lula da Silva I,0.516,0.35700000000000004,0.07200000000000001,2000.0,2.2,5.5,1032,144,1176,LULA 1,left,0,0,85.23,2178.5,289.747,-0.26,54.96,2.96,139605.8,12.9,12.9,639.18,-5.13,3.12,13.210000000000036,0.61,17.24,352.57,-1.26,12.99,6.63,7.21,2.93599045820495
2003-06-30,2003-06,Lula da Silva I,0.425,0.405,0.11,1100.0,2.6,6.0,467,121,588,LULA 1,left,0,0,56.88,2175.23,286.843,-1.0,54.42,2.88,137993.4,13.0,13.0,639.57,-2.7,2.96,-3.269999999999982,-0.15,16.57,352.42,-1.15,11.8,6.48,6.06,2.8858287431146716
2003-07-31,2003-07,Lula da Silva I,0.46299999999999997,0.38799999999999996,0.10300000000000001,2000.0,2.2,4.6,925,206,1131,LULA 1,left,0,0,89.62,2179.58,285.649,-0.42,55.11,2.88,145970.6,12.8,12.8,639.31,0.0,2.88,4.349999999999909,0.2,15.43,352.62,5.78,15.07,6.68,11.84,2.872255489021956
2003-08-31,2003-08,Lula da Silva I,0.4665,0.403,0.1,1500.0,2.2,3.05,699,150,849,LULA 1,left,0,0,136.32,2186.99,286.735,0.38,55.49,3.0,144819.4,13.1,13.1,638.16,4.17,2.88,7.4099999999998545,0.34,15.07,352.96,-0.79,13.32,7.02,11.05,2.986446083316723
2003-09-30,2003-09,Lula da Silva I,0.43,0.4,0.14,1200.0,3.0,4.0,516,168,684,LULA 1,left,0,0,54.87,2204.05,290.127,1.18,54.73,2.92,148559.8,13.0,13.0,632.97,-2.67,3.0,17.0600000000004,0.78,15.14,353.74,2.58,18.72,7.8,13.63,2.8896606469537605
2003-10-31,2003-10,Lula da Silva I,0.41800000000000004,0.4315,0.1165,1500.0,2.2,3.4,627,174,801,LULA 1,left,0,0,125.54,2210.44,291.229,0.38,53.8,2.86,154925.9,13.0,13.0,630.51,-2.05,2.92,6.389999999999873,0.29,13.98,354.03,4.29,16.38,8.09,17.92,2.8488383687306813
2003-11-30,2003-11,Lula da Silva I,0.41800000000000004,0.4315,0.1165,1500.0,2.2,3.4,627,174,801,LULA 1,left,0,0,223.96,2217.96,292.657,0.49,54.22,2.91,153644.4,12.2,12.2,628.19,1.75,2.86,7.519999999999982,0.34,11.02,354.37,-0.83,13.0,8.43,17.09,2.896751046442097
2003-12-31,2003-12,Lula da Silva I,0.41333333333333333,0.41966666666666663,0.1396666666666667,2331.6666666666665,2.4,2.4,963,325,1288,LULA 1,left,0,0,84.6,2229.49,294.455,0.61,54.26,2.93,153801.4,10.9,10.9,624.81,0.69,2.91,11.529999999999745,0.52,9.3,354.89,0.1,18.09,8.95,17.19,2.90966971746916
2004-01-31,2004-01,Lula da Silva I,0.41333333333333333,0.41966666666666663,0.1396666666666667,2331.6666666666665,2.4,2.4,963,325,1288,LULA 1,left,0,0,134.21,2246.43,297.039,0.88,54.05,2.85,144558.6,11.7,11.7,619.67,-2.73,2.93,16.940000000000055,0.76,7.71,355.65,-6.01,13.67,0.76,-6.01,2.820960698689956
2004-02-29,2004-02,Lula da Silva I,0.39899999999999997,0.406,0.151,2000.0,2.2,4.4,797,302,1099,LULA 1,left,0,0,255.6,2260.13,299.097,0.69,53.8,2.93,142861.3,12.0,12.0,617.26,2.81,2.85,13.700000000000273,0.61,6.69,356.26,-1.17,8.74,1.37,-7.18,2.906172348673094
2004-03-31,2004-03,Lula da Silva I,0.3365,0.43425,0.20600000000000002,2048.75,2.55,2.325,689,422,1111,LULA 1,left,0,0,89.19,2270.75,302.484,1.13,53.19,2.91,157363.5,12.8,12.8,613.76,-0.68,2.93,10.61999999999989,0.47,5.89,356.73,10.15,13.46,1.84,2.97,2.8917089678511
2004-04-30,2004-04,Lula da Silva I,0.3365,0.43425,0.20600000000000002,2048.75,2.55,2.325,689,422,1111,LULA 1,left,0,0,110.46,2279.15,306.151,1.21,52.91,2.91,156953.9,13.1,13.1,611.26,0.0,2.91,8.400000000000091,0.37,5.26,357.1,-0.26,11.01,2.21,2.71,2.8955863305768657
2004-05-31,2004-05,Lula da Silva I,0.34600000000000003,0.435,0.2,2000.0,2.2,1.9,692,400,1092,LULA 1,left,0,0,125.35,2290.77,310.152,1.31,53.45,3.1,159498.9,12.2,12.2,659.56,6.53,2.91,11.61999999999989,0.51,5.15,357.61,1.62,14.25,2.72,4.33,3.0791960998905576
2004-06-30,2004-06,Lula da Silva I,0.292,0.431,0.2505,1600.0,2.6,2.15,467,400,867,LULA 1,left,0,0,136.06,2307.03,314.419,1.38,52.83,3.13,165342.2,11.7,11.7,656.28,0.97,3.1,16.26000000000022,0.71,6.06,358.32,3.66,19.82,3.43,7.99,3.100883725548605
2004-07-31,2004-07,Lula da Silva I,0.292,0.431,0.2505,1600.0,2.6,2.15,467,400,867,LULA 1,left,0,0,52.63,2328.02,318.532,1.31,52.07,3.04,171370.9,11.2,11.2,651.52,-2.88,3.13,20.98999999999978,0.91,6.81,359.23,3.65,17.4,4.34,11.64,3.0035675354276083
2004-08-31,2004-08,Lula da Silva I,0.366,0.429,0.1735,2897.5,2.1,3.15,1060,502,1562,LULA 1,left,0,0,61.81,2344.08,322.412,1.22,51.44,3.0,169178.9,11.4,11.4,648.28,-1.32,3.04,16.059999999999945,0.69,7.18,359.92,-1.28,16.82,5.03,10.36,2.9725891349687164
2004-09-30,2004-09,Lula da Silva I,0.39649999999999996,0.3955,0.177,1600.0,2.6,2.6,634,283,917,LULA 1,left,0,0,103.22,2351.82,324.651,0.69,50.86,2.89,164702.5,10.9,10.9,647.18,-3.67,3.0,7.7400000000002365,0.33,6.7,360.25,-2.65,10.87,5.36,7.71,2.877205222764876
2004-10-31,2004-10,Lula da Silva I,0.39649999999999996,0.3955,0.177,1600.0,2.6,2.6,634,283,917,LULA 1,left,0,0,137.25,2362.17,325.925,0.39,50.75,2.85,170536.5,10.5,10.5,646.08,-1.38,2.89,10.349999999999909,0.44,6.86,360.69,3.54,10.08,5.8,11.25,2.833134209478296
2004-11-30,2004-11,Lula da Silva I,0.41,0.41,0.16,1200.0,3.0,2.0,491,192,683,LULA 1,left,0,0,138.59,2378.47,328.588,0.82,50.05,2.79,176921.5,10.7,10.7,643.25,-2.11,2.85,16.299999999999727,0.69,7.24,361.38,3.74,15.15,6.49,14.99,2.764028205382859
2004-12-31,2004-12,Lula da Silva I,0.4475,0.391,0.137,2897.5,2.1,2.45,1296,396,1692,LULA 1,left,0,0,46.26,2398.92,331.005,0.74,50.19,2.72,178462.4,9.6,9.6,637.77,-2.51,2.79,20.450000000000273,0.86,7.6,362.24,0.87,16.03,7.35,15.86,2.688280785246877
2005-01-31,2005-01,Lula da Silva I,0.4475,0.391,0.137,2897.5,2.1,2.45,1296,396,1692,LULA 1,left,0,0,120.57,2412.83,332.298,0.39,49.56,2.69,163540.1,10.2,10.2,634.15,-1.1,2.72,13.909999999999854,0.58,7.41,362.82,-8.36,13.13,0.58,-8.36,2.668721415788427
2005-02-28,2005-02,Lula da Silva I,0.425,0.39899999999999997,0.139,2000.0,2.2,3.7,850,278,1128,LULA 1,left,0,0,96.1,2427.07,333.288,0.3,49.3,2.6,160701.6,10.7,10.7,631.37,-3.35,2.69,14.240000000000236,0.59,7.39,363.41,-1.74,12.49,1.17,-10.1,2.5788845809722636
2005-03-31,2005-03,Lula da Silva I,0.425,0.39899999999999997,0.139,2000.0,2.2,3.7,850,278,1128,LULA 1,left,0,0,133.31,2441.87,336.123,0.85,49.31,2.7,175468.7,,10.486956521739133,626.8,3.85,2.6,14.799999999999727,0.61,7.54,364.02,9.19,11.51,1.78,-0.91,2.677566842262201
2005-04-30,2005-04,Lula da Silva I,0.419,0.39799999999999996,0.16,2000.0,2.2,2.3,838,320,1158,LULA 1,left,0,0,118.15,2463.11,339.03,0.86,48.32,2.58,177179.0,10.8,10.8,621.15,-4.44,2.7,21.240000000000236,0.87,8.07,364.89,0.97,12.89,2.65,0.06,2.549122633092099
2005-05-31,2005-05,Lula da Silva I,0.394,0.39649999999999996,0.179,1600.0,2.6,3.05,630,286,916,LULA 1,left,0,0,136.54,2475.18,338.299,-0.22,47.94,2.45,177496.7,10.2,10.2,711.73,-5.04,2.58,12.069999999999709,0.49,8.05,365.38,0.18,11.28,3.14,0.24,2.433177430590109
2005-06-30,2005-06,Lula da Silva I,0.358,0.42000000000000004,0.20800000000000002,2238.0,2.6,1.6,801,465,1266,LULA 1,left,0,0,136.44,2474.68,336.801,-0.44,48.04,2.41,180881.8,9.4,9.4,712.51,-1.63,2.45,-0.5,-0.02,7.27,365.36,1.91,9.4,3.12,2.15,2.4106821364272855
2005-07-31,2005-07,Lula da Silva I,0.37649999999999995,0.3855,0.21500000000000002,2897.5,2.1,2.3,1090,622,1712,LULA 1,left,0,0,88.54,2480.87,335.663,-0.34,48.14,2.37,184073.7,9.5,9.5,712.3,-1.66,2.41,6.190000000000055,0.25,6.57,365.61,1.76,7.41,3.37,3.91,2.3615960099750626
2005-08-31,2005-08,Lula da Silva I,0.29666666666666663,0.38999999999999996,0.29333333333333333,2065.0,2.6666666666666665,2.0,612,605,1217,LULA 1,left,0,0,155.48,2485.09,333.474,-0.65,47.95,2.36,187246.6,9.4,9.4,712.3,-0.42,2.37,4.220000000000255,0.17,6.02,365.78,1.72,10.68,3.54,5.63,2.3542976939203353
2005-09-30,2005-09,Lula da Silva I,0.32399999999999995,0.371,0.28,1600.0,2.6,2.0,518,448,966,LULA 1,left,0,0,90.7,2493.79,331.69,-0.53,47.65,2.29,181538.9,9.7,9.7,711.23,-2.97,2.36,8.699999999999818,0.35,6.04,366.13,-3.05,10.22,3.89,2.58,2.2785251619332336
2005-10-31,2005-10,Lula da Silva I,0.29000000000000004,0.415,0.28,2497.5,2.5,1.5,724,699,1423,LULA 1,left,0,0,61.17,2512.49,333.694,0.6,47.53,2.26,189183.0,9.6,9.6,707.13,-1.31,2.29,18.699999999999818,0.75,6.36,366.88,4.21,10.93,4.64,6.79,2.2357320099255578
2005-11-30,2005-11,Lula da Silva I,0.311,0.376,0.29,2000.0,2.2,2.3,622,580,1202,LULA 1,left,0,0,152.6,2526.31,335.033,0.4,47.42,2.21,194794.5,9.6,9.6,703.33,-2.21,2.26,13.820000000000164,0.55,6.22,367.43,2.97,10.1,5.19,9.76,2.1924415713575334
2005-12-31,2005-12,Lula da Silva I,0.28500000000000003,0.39,0.305,2497.5,2.5,2.0,711,761,1472,LULA 1,left,0,0,153.89,2535.4,335.006,-0.01,47.92,2.29,198480.0,8.4,8.4,700.53,3.62,2.21,9.090000000000146,0.36,5.69,367.79,1.89,11.22,5.55,11.65,2.2781984854523714
2006-01-31,2006-01,Lula da Silva I,0.33,0.39,0.27,1200.0,3.0,2.0,396,324,720,LULA 1,left,0,0,140.05,2550.36,338.083,0.92,47.82,2.27,185564.8,9.3,9.3,697.88,-0.87,2.29,14.960000000000036,0.59,5.7,368.38,-6.51,13.47,0.59,-6.51,2.250820161049806
2006-02-28,2006-02,Lula da Silva I,0.36833333333333335,0.39333333333333337,0.22133333333333335,3196.6666666666665,2.066666666666667,1.7,1177,707,1884,LULA 1,left,0,0,41.44,2560.82,338.128,0.01,47.78,2.16,178482.2,10.1,10.1,696.28,-4.85,2.27,10.460000000000036,0.41,5.51,368.79,-3.82,11.06,1.0,-10.33,2.1470969026989346
2006-03-31,2006-03,Lula da Silva I,0.38,0.385,0.225,2497.5,2.5,1.0,949,561,1510,LULA 1,left,0,0,126.21,2571.83,337.339,-0.23,47.66,2.15,190223.3,10.4,10.4,694.4,-0.46,2.16,11.009999999999764,0.43,5.32,369.22,6.58,8.41,1.43,-3.75,2.1365129941252614
2006-04-30,2006-04,Lula da Silva I,0.373,0.37350000000000005,0.23550000000000001,2897.5,2.1,1.8,1080,682,1762,LULA 1,left,0,0,80.27,2577.23,335.921,-0.42,47.14,2.13,185030.6,10.4,10.4,809.17,-0.93,2.15,5.400000000000091,0.21,4.63,369.43,-2.73,4.43,1.64,-6.48,2.123440774373815
2006-05-31,2006-05,Lula da Silva I,0.38433333333333336,0.385,0.21066666666666667,1400.0,2.466666666666667,2.0,538,294,832,LULA 1,left,0,0,95.08,2579.81,337.185,0.38,47.02,2.18,197874.3,10.2,10.2,808.12,2.35,2.13,2.5799999999999272,0.1,4.23,369.53,6.94,11.48,1.74,0.46,2.176823176823177
2006-06-30,2006-06,Lula da Silva I,0.44,0.36,0.19,1200.0,3.0,1.0,528,228,756,LULA 1,left,0,0,142.32,2574.39,339.712,0.75,46.96,2.25,199071.9,10.4,10.4,808.68,3.21,2.18,-5.420000000000073,-0.21,4.03,369.32,0.61,10.06,1.53,1.07,2.2568393626615895
2006-07-31,2006-07,Lula da Silva I,0.395,0.38625,0.21325,1350.0,2.6,1.05,533,287,820,LULA 1,left,0,0,75.04,2579.28,340.312,0.18,46.83,2.19,206974.4,10.8,10.8,807.79,-2.67,2.25,4.890000000000327,0.19,3.97,369.51,3.97,12.44,1.72,5.04,2.1839504940612833
2006-08-31,2006-08,Lula da Silva I,0.447,0.363125,0.1795,1225.0,2.575,1.1625,547,219,766,LULA 1,left,0,0,82.95,2580.57,341.574,0.37,46.62,2.16,209818.0,10.6,10.6,807.95,-1.37,2.19,1.2899999999999636,0.05,3.84,369.56,1.37,12.05,1.77,6.41,2.1584207896051977
2006-09-30,2006-09,Lula da Silva I,0.45999999999999996,0.346,0.184,1100.0,2.6,1.1,505,202,707,LULA 1,left,0,0,101.04,2585.99,342.561,0.29,46.57,2.17,201055.4,10.0,10.0,806.66,0.46,2.16,5.419999999999618,0.21,3.7,369.77,-4.18,10.75,1.98,2.23,2.163356950404151
2006-10-31,2006-10,Lula da Silva I,0.49714285714285716,0.32571428571428573,0.16285714285714287,1085.7142857142858,2.542857142857143,1.0,539,176,715,LULA 1,left,0,1,113.52,2594.52,344.155,0.47,46.17,2.15,214271.7,9.8,9.8,803.21,-0.92,2.17,8.5300000000002,0.33,3.26,370.1,6.57,13.26,2.31,8.8,2.139639190670786
2006-11-30,2006-11,Lula da Silva I,0.49714285714285716,0.32571428571428573,0.16285714285714287,1085.7142857142858,2.542857142857143,1.0,539,176,715,LULA 1,left,0,0,84.58,2602.56,346.746,0.75,46.01,2.16,219724.2,9.6,9.6,799.85,0.47,2.15,8.039999999999964,0.31,3.02,370.41,2.54,12.8,2.62,11.34,2.1502342737513707
2006-12-31,2006-12,Lula da Silva I,0.5449999999999999,0.31000000000000005,0.135,1100.0,2.6,0.5,599,148,747,LULA 1,left,0,0,78.51,2615.05,347.842,0.32,46.49,2.15,221359.3,8.4,8.4,794.93,-0.46,2.16,12.490000000000236,0.48,3.14,370.89,0.74,11.53,3.1,12.08,2.1349522292993632
2007-01-31,2007-01,Lula da Silva II,0.48,0.37,0.14,1000.0,3.0,1.0,480,140,620,LULA 2,left,1,0,149.84,2626.56,349.593,0.5,45.95,2.14,211130.7,9.3,9.3,791.05,-0.47,2.15,11.509999999999764,0.44,2.99,371.33,-4.62,13.78,0.44,-4.62,2.1262445240939867
2007-02-28,2007-02,Lula da Silva II,0.48,0.37,0.14,1000.0,3.0,1.0,480,140,620,LULA 2,left,0,0,91.71,2638.12,350.524,0.27,45.86,2.1,202704.1,9.9,9.9,787.74,-1.87,2.14,11.559999999999945,0.44,3.02,371.77,-3.99,13.57,0.88,-8.61,2.08641975308642
2007-03-31,2007-03,Lula da Silva II,0.48,0.37,0.14,4100.0,2.0,1.0,1968,574,2542,LULA 2,left,0,0,86.29,2647.88,351.717,0.34,45.81,2.09,217588.9,10.2,10.2,784.29,-0.48,2.1,9.760000000000218,0.37,2.96,372.14,7.34,14.39,1.25,-1.27,2.0786091461592107
2007-04-30,2007-04,Lula da Silva II,0.49333333333333335,0.33866666666666667,0.15066666666666664,1734.0,2.733333333333333,1.2,855,261,1116,LULA 2,left,0,0,105.5,2654.5,351.869,0.04,45.08,2.03,215128.8,10.2,10.2,849.31,-2.87,2.09,6.619999999999891,0.25,3.0,372.39,-1.13,16.27,1.5,-2.4,2.0224438902743143
2007-05-31,2007-05,Lula da Silva II,0.49333333333333335,0.33866666666666667,0.15066666666666664,1734.0,2.733333333333333,1.2,855,261,1116,LULA 2,left,0,0,97.58,2661.93,352.02,0.04,45.23,1.98,226537.9,10.2,10.2,847.1,-2.46,2.03,7.429999999999836,0.28,3.18,372.67,5.3,14.49,1.78,2.9,1.971679297965696
2007-06-30,2007-06,Lula da Silva II,0.475,0.365,0.14,2000.0,3.0,2.0,950,280,1230,LULA 2,left,0,0,84.2,2669.38,352.936,0.26,44.8,1.93,228988.6,9.7,9.7,844.49,-2.53,1.98,7.450000000000273,0.28,3.69,372.95,1.08,15.03,2.06,3.98,1.9218189070602314
2007-07-31,2007-07,Lula da Silva II,0.5,0.33,0.16,1200.0,3.0,1.0,600,192,792,LULA 2,left,0,0,55.86,2675.79,353.92,0.28,44.73,1.88,233824.1,9.5,9.5,841.79,-2.59,1.93,6.4099999999998545,0.24,3.74,373.19,2.11,12.97,2.3,6.09,1.873104549082203
2007-08-31,2007-08,Lula da Silva II,0.48,0.36,0.15,4100.0,2.0,1.0,1968,615,2583,LULA 2,left,0,0,181.67,2688.37,357.404,0.98,44.09,1.97,235019.1,9.6,9.6,836.86,4.79,1.88,12.579999999999927,0.47,4.18,373.66,0.51,12.01,2.77,6.6,1.9561063003881753
2007-09-30,2007-09,Lula da Silva II,0.48,0.32,0.18,1200.0,3.0,1.0,576,216,792,LULA 2,left,0,0,127.36,2693.21,361.997,1.29,44.59,1.9,223002.7,9.0,9.0,834.77,-3.55,1.97,4.8400000000001455,0.18,4.15,373.84,-5.11,10.92,2.95,1.49,1.8947893791175883
2007-10-31,2007-10,Lula da Silva II,0.465,0.359,0.165,2000.0,3.0,1.1,930,330,1260,LULA 2,left,0,0,81.97,2701.29,365.794,1.05,44.6,1.8,241939.4,8.7,8.7,832.27,-5.26,1.9,8.079999999999927,0.3,4.12,374.14,8.49,12.91,3.25,9.98,1.7916251246261217
2007-11-30,2007-11,Lula da Silva II,0.5,0.35,0.14,4100.0,2.0,1.0,2050,574,2624,LULA 2,left,0,0,111.01,2711.55,368.334,0.69,44.11,1.77,241938.4,8.3,8.3,828.71,-1.67,1.8,10.260000000000218,0.38,4.19,374.52,-0.0,10.11,3.63,9.98,1.759513847379956
2007-12-31,2007-12,Lula da Silva II,0.51,0.31,0.17,1200.0,3.0,0.0,612,204,816,LULA 2,left,0,0,189.98,2731.62,374.815,1.76,44.55,1.79,242460.2,7.5,7.5,820.75,1.13,1.77,20.06999999999971,0.74,4.46,375.26,0.22,9.53,4.37,10.2,1.7695056581298392
2008-01-31,2008-01,Lula da Silva II,0.51,0.31,0.17,1200.0,3.0,0.0,612,204,816,LULA 2,left,0,0,224.4,2746.37,378.9,1.09,43.71,1.77,237247.7,8.0,8.0,815.12,-1.12,1.79,14.75,0.54,4.56,375.8,-2.15,12.37,0.54,-2.15,1.7551223393674156
2008-02-29,2008-02,Lula da Silva II,0.527,0.325,0.13699999999999998,2000.0,3.0,1.1,1054,273,1327,LULA 2,left,0,0,175.41,2759.83,380.906,0.53,43.79,1.73,232680.4,8.72,8.72,811.23,-2.26,1.77,13.460000000000036,0.49,4.61,376.29,-1.93,14.79,1.03,-4.08,1.716688227684347
2008-03-31,2008-03,Lula da Silva II,0.57,0.31,0.11,2434.0,2.6666666666666665,1.0,1387,267,1654,LULA 2,left,0,0,151.3,2773.08,383.731,0.74,43.0,1.71,242124.4,8.6,8.6,881.45,-1.16,1.73,13.25,0.48,4.73,376.77,4.06,11.28,1.51,-0.02,1.6970541401273889
2008-04-30,2008-04,Lula da Silva II,0.575,0.29600000000000004,0.113,2000.0,3.0,1.6,1150,226,1376,LULA 2,left,0,0,123.32,2788.33,386.38,0.69,42.82,1.69,248793.8,8.5,8.5,875.85,-1.17,1.71,15.25,0.55,5.04,377.32,2.75,15.65,2.06,2.73,1.6752859273993037
2008-05-31,2008-05,Lula da Silva II,0.575,0.29600000000000004,0.113,2000.0,3.0,1.6,1150,226,1376,LULA 2,left,0,0,76.78,2810.36,392.592,1.61,43.03,1.66,254936.9,7.9,7.9,867.52,-1.78,1.69,22.0300000000002,0.79,5.58,378.11,2.47,12.54,2.85,5.2,1.6391507093957736
2008-06-30,2008-06,Lula da Silva II,0.58,0.29,0.12,1601.0,3.0,1.0,928,192,1120,LULA 2,left,0,0,82.63,2831.16,400.382,1.98,42.89,1.62,265791.2,7.9,7.9,859.7,-2.41,1.66,20.799999999999727,0.74,6.06,378.85,4.26,16.07,3.59,9.46,1.600754417311892
2008-07-31,2008-07,Lula da Silva II,0.58,0.29,0.12,1601.0,3.0,1.0,928,192,1120,LULA 2,left,0,0,58.24,2846.16,407.446,1.76,42.74,1.59,278095.6,8.1,8.1,854.74,-1.85,1.62,15.0,0.53,6.37,379.38,4.63,18.93,4.12,14.09,1.5763453695414302
2008-08-31,2008-08,Lula da Silva II,0.58,0.29,0.12,1601.0,3.0,1.0,928,192,1120,LULA 2,left,0,0,109.44,2854.13,406.127,-0.32,42.02,1.61,269235.6,7.6,7.6,852.95,1.26,1.59,7.970000000000255,0.28,6.17,379.66,-3.19,14.56,4.4,10.9,1.6027124052652577
2008-09-30,2008-09,Lula da Silva II,0.6769999999999999,0.243,0.077,2325.5,2.75,0.8,1574,179,1753,LULA 2,left,0,0,261.73,2861.55,406.557,0.11,39.96,1.8,265271.2,7.7,7.7,851.67,11.8,1.61,7.420000000000073,0.26,6.25,379.92,-1.47,18.95,4.66,9.43,1.7927388789148213
2008-10-31,2008-10,Lula da Silva II,0.6769999999999999,0.243,0.077,2325.5,2.75,0.8,1574,179,1753,LULA 2,left,0,0,303.3,2874.43,410.524,0.98,38.3,2.17,280522.5,7.5,7.5,847.44,20.56,1.8,12.879999999999654,0.45,6.41,380.37,5.75,15.95,5.11,15.18,2.155798904927825
2008-11-30,2008-11,Lula da Silva II,0.7,0.23,0.07,4100.0,2.0,0.0,2870,287,3157,LULA 2,left,0,0,201.23,2884.78,412.104,0.38,36.95,2.27,270698.8,7.6,7.6,844.23,4.61,2.17,10.350000000000364,0.36,6.39,380.73,-3.5,11.89,5.47,11.68,2.258270227182144
2008-12-31,2008-12,Lula da Silva II,0.7236666666666666,0.20533333333333337,0.06133333333333333,1734.0,3.0,0.6333333333333333,1254,106,1360,LULA 2,left,0,0,320.69,2892.86,411.575,-0.13,37.57,2.39,264404.8,6.8,6.8,841.79,5.29,2.27,8.079999999999927,0.28,5.9,381.01,-2.33,9.05,5.75,9.35,2.380534503390507
2009-01-31,2009-01,Lula da Silva II,0.725,0.217,0.05,2000.0,3.0,0.8,1450,100,1550,LULA 2,left,0,0,123.76,2906.74,409.782,-0.44,38.05,2.31,249934.4,8.2,8.2,836.44,-3.35,2.39,13.879999999999654,0.48,5.84,381.49,-5.47,5.35,0.48,-5.47,2.2941878980891723
2009-02-28,2009-02,Lula da Silva II,0.725,0.217,0.05,2000.0,3.0,0.8,1450,100,1550,LULA 2,left,0,0,240.21,2922.73,410.849,0.26,38.02,2.31,244024.5,8.5,8.5,934.31,0.0,2.31,15.990000000000236,0.55,5.9,382.04,-2.36,4.88,1.03,-7.83,2.2918945798110393
2009-03-31,2009-03,Lula da Silva II,0.666,0.25025000000000003,0.0765,2125.0,2.75,0.725,1415,162,1577,LULA 2,left,0,0,206.93,2928.57,407.808,-0.74,38.04,2.31,262181.7,9.0,9.0,932.45,0.0,2.31,5.8400000000001455,0.2,5.61,382.24,7.44,8.28,1.23,-0.39,2.3033932135728543
2009-04-30,2009-04,Lula da Silva II,0.76,0.18,0.05,1200.0,3.0,0.0,912,60,972,LULA 2,left,0,0,142.13,2942.63,407.181,-0.15,38.65,2.21,259563.5,8.9,8.9,927.35,-4.33,2.31,14.059999999999945,0.48,5.53,382.72,-1.0,4.33,1.71,-1.39,2.1946656050955418
2009-05-31,2009-05,Lula da Silva II,0.694,0.2395,0.059,3050.0,2.5,0.75,2116,179,2295,LULA 2,left,0,0,163.94,2956.46,406.885,-0.07,39.66,2.06,268324.0,8.8,8.8,921.82,-6.79,2.21,13.829999999999927,0.47,5.2,383.19,3.38,5.25,2.18,1.99,2.0456852791878175
2009-06-30,2009-06,Lula da Silva II,0.7375,0.20750000000000002,0.05,1200.0,3.0,0.5,885,60,945,LULA 2,left,0,0,125.39,2967.1,406.486,-0.1,39.98,1.96,275701.2,8.1,8.1,917.96,-4.85,2.06,10.639999999999873,0.36,4.8,383.55,2.75,3.73,2.54,4.74,1.9493822239936227
2009-07-31,2009-07,Lula da Silva II,0.77,0.18,0.04,1200.0,3.0,1.0,924,48,972,LULA 2,left,0,0,158.04,2974.22,404.718,-0.43,40.64,1.93,285444.2,8.0,8.0,915.86,-1.53,1.96,7.119999999999891,0.24,4.5,383.79,3.53,2.64,2.78,8.27,1.9229848363926574
2009-08-31,2009-08,Lula da Silva II,0.7433333333333333,0.19999999999999998,0.05333333333333334,2166.6666666666665,2.6666666666666665,0.3333333333333333,1610,115,1725,LULA 2,left,0,0,97.79,2978.68,403.253,-0.36,40.63,1.85,284240.4,8.1,8.1,915.13,-4.15,1.93,4.460000000000036,0.15,4.36,383.94,-0.42,5.57,2.93,7.85,1.8457314028956566
2009-09-30,2009-09,Lula da Silva II,0.7456666666666667,0.1925,0.05366666666666667,1333.3333333333333,3.0,0.65,994,71,1065,LULA 2,left,0,0,109.65,2985.83,404.945,0.42,41.56,1.82,283157.9,7.7,7.7,913.66,-1.62,1.85,7.150000000000091,0.24,4.34,384.18,-0.38,6.74,3.17,7.47,1.8132482043096574
2009-10-31,2009-10,Lula da Silva II,0.7456666666666667,0.1925,0.05366666666666667,1333.3333333333333,3.0,0.65,994,71,1065,LULA 2,left,0,0,49.11,2994.19,405.129,0.05,41.42,1.74,301895.9,7.5,7.5,911.48,-4.4,1.82,8.360000000000127,0.28,4.17,384.46,6.62,7.62,3.45,14.09,1.7323494216194661
2009-11-30,2009-11,Lula da Silva II,0.71,0.21849999999999997,0.061,1600.0,3.0,0.55,1136,97,1233,LULA 2,left,0,0,82.65,3006.47,405.548,0.1,40.94,1.73,305048.8,7.4,7.4,908.12,-0.57,1.74,12.279999999999745,0.41,4.22,384.87,1.04,12.69,3.86,15.13,1.718852703913953
2009-12-31,2009-12,Lula da Silva II,0.72,0.21,0.06,1000.0,2.2,1.0,720,60,780,LULA 2,left,0,0,77.76,3017.59,404.499,-0.26,40.88,1.75,313522.8,6.8,6.8,905.94,1.16,1.73,11.120000000000346,0.37,4.31,385.24,2.78,18.58,4.23,17.91,1.7398625087177444
2010-01-31,2010-01,Lula da Silva II,0.7140000000000001,0.22,0.057999999999999996,2000.0,3.0,0.8,1428,115,1543,LULA 2,left,0,0,165.16,3040.22,407.049,0.63,39.59,1.78,288972.8,7.2,7.2,984.94,1.71,1.75,22.629999999999654,0.75,4.59,385.99,-7.83,15.62,0.75,-7.83,1.7593052109181144
2010-02-28,2010-02,Lula da Silva II,0.73,0.2,0.05,1000.0,2.2,2.0,730,50,780,LULA 2,left,0,0,196.01,3063.93,411.843,1.18,39.82,1.84,285723.2,7.4,7.4,978.1,3.37,1.78,23.710000000000036,0.78,4.83,386.77,-1.12,17.09,1.53,-8.95,1.8180194483032346
2010-03-31,2010-03,Lula da Silva II,0.76,0.2,0.04,1000.0,2.2,0.0,760,40,800,LULA 2,left,0,0,105.37,3079.86,415.734,0.94,39.91,1.79,311651.6,7.6,7.6,971.2,-2.72,1.84,15.930000000000291,0.52,5.17,387.29,9.07,18.87,2.05,0.12,1.7755670513330677
2010-04-30,2010-04,Lula da Silva II,0.73,0.22,0.05,1000.0,2.2,0.0,730,50,780,LULA 2,left,0,0,55.74,3097.42,418.917,0.77,39.47,1.76,307083.5,7.3,7.3,964.17,-1.68,1.79,17.559999999999945,0.57,5.26,387.86,-1.47,18.31,2.62,-1.35,1.7443571641642635
2010-05-31,2010-05,Lula da Silva II,0.7605,0.191,0.047,1500.0,2.6,0.15,1140,70,1210,LULA 2,left,0,0,110.48,3110.74,423.885,1.19,38.97,1.81,315988.4,7.5,7.5,960.04,2.84,1.76,13.319999999999709,0.43,5.22,388.29,2.9,17.76,3.05,1.55,1.7979687344418998
2010-06-30,2010-06,Lula da Silva II,0.7605,0.191,0.047,1500.0,2.6,0.15,1140,70,1210,LULA 2,left,0,0,52.26,3110.74,427.489,0.85,38.89,1.81,321023.2,7.0,7.0,961.09,0.0,1.81,0.0,0.0,4.84,388.29,1.59,16.44,3.05,3.14,1.81
2010-07-31,2010-07,Lula da Silva II,0.775,0.18,0.04,1000.0,2.2,0.5,775,40,815,LULA 2,left,0,0,70.37,3111.05,428.15,0.15,38.99,1.77,332454.2,6.9,6.9,961.77,-2.21,1.81,0.3100000000004002,0.01,4.6,388.3,3.56,16.47,3.06,6.7,1.7697230276972302
2010-08-31,2010-08,Lula da Silva II,0.7783333333333333,0.168,0.042,1333.3333333333333,2.466666666666667,1.1666666666666667,1037,56,1093,LULA 2,left,0,0,84.71,3112.29,431.445,0.77,38.76,1.76,334225.6,6.7,6.7,962.44,-0.56,1.77,1.2399999999997817,0.04,4.49,388.34,0.53,17.59,3.1,7.23,1.7588964414234307
2010-09-30,2010-09,Lula da Silva II,0.7816000000000001,0.1696,0.0398,1400.0,2.5200000000000005,0.9,1094,55,1149,LULA 2,left,0,0,84.34,3126.29,436.423,1.15,38.22,1.72,331255.9,6.2,6.2,957.27,-2.27,1.76,14.0,0.45,4.7,388.79,-0.89,16.99,3.55,6.34,1.707814833250373
2010-10-31,2010-10,Lula da Silva II,0.81,0.15,0.035,1000.0,2.2,0.5,810,35,845,LULA 2,left,0,1,22.3,3149.74,440.829,1.01,37.89,1.69,344963.8,6.1,6.1,948.54,-1.74,1.72,23.449999999999818,0.75,5.2,389.54,4.14,14.27,4.3,10.48,1.6699751861042182
2010-11-30,2010-11,Lula da Silva II,0.83,0.13,0.04,1000.0,2.2,0.0,830,40,870,LULA 2,left,0,0,88.01,3175.88,447.206,1.45,37.77,1.71,356707.5,5.7,5.7,938.87,1.18,1.69,26.140000000000327,0.83,5.63,390.37,3.4,16.93,5.13,13.88,1.6876921551125657
2010-12-31,2010-12,Lula da Silva II,0.8340000000000001,0.13699999999999998,0.022000000000000002,2000.0,2.2,0.7,1668,44,1712,LULA 2,left,0,0,78.58,3195.89,450.301,0.69,37.98,1.69,355797.4,5.3,5.3,933.27,-1.17,1.71,20.009999999999764,0.63,5.91,391.0,-0.26,13.48,5.76,13.62,1.6731590976845871
2011-01-31,2011-01,Dilma Rousseff I,0.51,0.3,0.07,1000.0,3.0,12.0,510,70,580,DILMA 1,left,1,0,26.86,3222.42,453.875,0.79,37.57,1.67,333255.6,6.1,6.1,978.97,-1.18,1.69,26.5300000000002,0.83,5.99,391.83,-6.34,15.32,0.83,-6.34,1.6480214221957752
2011-02-28,2011-02,Dilma Rousseff I,0.51,0.3,0.07,1000.0,3.0,12.0,510,70,580,DILMA 1,left,0,0,111.61,3248.2,458.397,1.0,37.49,1.67,334982.0,6.4,6.4,973.71,0.0,1.67,25.779999999999745,0.8,6.01,392.63,0.52,17.24,1.63,-5.82,1.6488095238095237
2011-03-31,2011-03,Dilma Rousseff I,0.515,0.30500000000000005,0.060000000000000005,1000.0,2.1,12.0,515,60,575,DILMA 1,left,0,0,173.92,3273.86,461.249,0.62,37.53,1.66,347879.6,6.5,6.5,976.28,-0.6,1.67,25.66000000000031,0.79,6.3,393.42,3.85,11.62,2.42,-1.97,1.6391507093957736
2011-04-30,2011-04,Dilma Rousseff I,0.515,0.30500000000000005,0.060000000000000005,1000.0,2.1,12.0,515,60,575,DILMA 1,left,0,0,170.58,3299.07,463.311,0.45,37.42,1.59,349049.3,6.4,6.4,969.3,-4.22,1.66,25.210000000000036,0.77,6.51,394.19,0.34,13.67,3.19,-1.63,1.5702093877145975
2011-05-31,2011-05,Dilma Rousseff I,0.515,0.30500000000000005,0.060000000000000005,1000.0,2.1,12.0,515,60,575,DILMA 1,left,0,0,79.12,3314.58,465.311,0.43,37.25,1.61,366256.2,6.4,6.4,963.81,1.26,1.59,15.509999999999764,0.47,6.55,394.66,4.93,15.91,3.66,3.3,1.5977903851896094
2011-06-30,2011-06,Dilma Rousseff I,0.49,0.38,0.1,1000.0,2.2,3.0,490,100,590,DILMA 1,left,0,0,107.71,3319.55,464.463,-0.18,37.08,1.59,370951.2,6.2,6.2,961.69,-1.24,1.61,4.970000000000255,0.15,6.71,394.81,1.28,15.55,3.81,4.58,1.586120818771842
2011-07-31,2011-07,Dilma Rousseff I,0.48,0.36,0.12,1000.0,2.0,4.0,480,120,600,DILMA 1,left,0,0,123.59,3324.86,463.927,-0.12,36.82,1.56,373143.3,6.0,6.0,961.69,-1.89,1.59,5.309999999999945,0.16,6.87,394.97,0.59,12.24,3.97,5.17,1.5559105431309903
2011-08-31,2011-08,Dilma Rousseff I,0.488,0.37733333333333335,0.09866666666666668,1666.6666666666667,2.2,3.6666666666666665,813,164,977,DILMA 1,left,0,0,205.84,3337.16,465.968,0.44,36.55,1.6,376769.3,6.0,6.0,957.67,2.56,1.56,12.299999999999727,0.37,7.23,395.34,0.97,12.73,4.34,6.14,1.5904154627876856
2011-09-30,2011-09,Dilma Rousseff I,0.51,0.34,0.11,1000.0,2.0,4.0,510,110,620,DILMA 1,left,0,0,190.21,3354.85,468.975,0.65,34.67,1.75,361724.6,6.0,6.0,953.38,9.38,1.6,17.690000000000055,0.53,7.31,395.87,-3.99,9.2,4.87,2.15,1.7355018402466924
2011-10-31,2011-10,Dilma Rousseff I,0.51,0.34,0.11,1000.0,2.0,4.0,510,110,620,DILMA 1,left,0,0,116.61,3369.28,471.466,0.53,35.65,1.77,378491.0,5.8,5.8,950.34,1.14,1.75,14.430000000000291,0.43,6.97,396.3,4.64,9.72,5.3,6.79,1.7581399980085632
2011-11-30,2011-11,Dilma Rousseff I,0.51,0.34,0.11,1000.0,2.0,4.0,510,110,620,DILMA 1,left,0,0,146.26,3386.8,473.808,0.5,34.76,1.79,389560.8,5.2,5.2,944.95,1.13,1.77,17.519999999999982,0.52,6.64,396.82,2.92,9.21,5.82,9.71,1.7755670513330677
2011-12-31,2011-12,Dilma Rousseff I,0.56,0.32,0.09,1000.0,2.0,3.0,560,90,650,DILMA 1,left,0,0,154.3,3403.73,473.252,-0.12,34.47,1.84,391595.1,4.7,4.7,940.16,2.79,1.79,16.929999999999836,0.5,6.5,397.32,0.52,10.06,6.32,10.23,1.8258706467661692
2012-01-31,2012-01,Dilma Rousseff I,0.59,0.33,0.06,1000.0,2.2,2.0,590,60,650,DILMA 1,left,0,0,130.61,3422.79,474.429,0.25,35.0,1.79,367215.4,5.5,5.5,1067.54,-2.72,1.84,19.059999999999945,0.56,6.22,397.88,-6.23,10.19,0.56,-6.23,1.7744630071599046
2012-02-29,2012-02,Dilma Rousseff I,0.59,0.33,0.06,1000.0,2.2,2.0,590,60,650,DILMA 1,left,0,0,96.6,3438.19,474.138,-0.06,35.15,1.72,367177.3,5.7,5.7,1063.4,-3.91,1.79,15.400000000000091,0.45,5.85,398.33,-0.01,9.61,1.01,-6.24,1.707814833250373
2012-03-31,2012-03,Dilma Rousseff I,0.56,0.34,0.08,1000.0,2.0,2.0,560,80,640,DILMA 1,left,0,0,175.36,3445.41,476.166,0.43,34.26,1.8,392996.5,6.2,7.9,1061.49,4.65,1.72,7.2199999999998,0.21,5.24,398.54,7.03,12.97,1.22,0.79,1.7941323221235406
2012-04-30,2012-04,Dilma Rousseff I,0.64,0.29,0.05,1000.0,2.2,2.0,640,50,690,DILMA 1,left,0,0,66.51,3467.46,480.229,0.85,33.5,1.85,381795.3,6.0,7.7,1054.74,2.78,1.8,22.050000000000182,0.64,5.1,399.18,-2.85,9.38,1.86,-2.06,1.8318759936406996
2012-05-31,2012-05,Dilma Rousseff I,0.64,0.29,0.05,1000.0,2.2,2.0,640,50,690,DILMA 1,left,0,0,156.21,3479.94,485.14,1.02,32.77,1.99,400281.3,5.8,7.6,1048.97,7.57,1.85,12.480000000000018,0.36,4.99,399.54,4.84,9.29,2.22,2.78,1.9792746113989637
2012-06-30,2012-06,Dilma Rousseff I,0.59,0.32,0.08,1000.0,2.0,1.0,590,80,670,DILMA 1,left,0,0,176.12,3482.72,488.342,0.66,32.78,2.05,398714.5,5.9,7.5,1046.25,3.02,1.99,2.7799999999997453,0.08,4.92,399.62,-0.39,7.48,2.3,2.39,2.0475619504396483
2012-07-31,2012-07,Dilma Rousseff I,0.5660000000000001,0.355,0.07,2000.0,2.2,0.9,1132,140,1272,DILMA 1,left,0,0,141.01,3497.7,494.891,1.34,32.51,2.03,414617.4,5.4,7.4,1041.77,-0.98,2.05,14.980000000000018,0.43,5.2,400.05,3.99,11.11,2.73,6.38,2.0170267848252514
2012-08-31,2012-08,Dilma Rousseff I,0.62,0.3,0.07,1000.0,2.2,1.0,620,70,690,DILMA 1,left,0,0,99.74,3512.04,501.957,1.43,32.6,2.03,419906.3,5.3,7.3,1037.1,0.0,2.03,14.340000000000146,0.41,5.24,400.46,1.28,11.45,3.14,7.66,2.0176277263220794
2012-09-30,2012-09,Dilma Rousseff I,0.62,0.29,0.07,1000.0,2.0,2.0,620,70,690,DILMA 1,left,0,0,85.04,3532.06,506.804,0.97,32.62,2.03,393524.7,5.4,7.1,1030.61,0.0,2.03,20.019999999999982,0.57,5.28,401.03,-6.28,8.79,3.71,1.38,2.01282688674555
2012-10-31,2012-10,Dilma Rousseff I,0.62,0.29,0.07,1000.0,2.0,2.0,620,70,690,DILMA 1,left,0,0,104.05,3552.9,506.926,0.02,32.44,2.03,422672.1,5.3,6.9,1023.35,0.0,2.03,20.840000000000146,0.59,5.45,401.62,7.41,11.67,4.3,8.79,2.012227855651655
2012-11-30,2012-11,Dilma Rousseff I,0.62,0.29,0.07,1000.0,2.0,2.0,620,70,690,DILMA 1,left,0,0,102.35,3574.22,506.795,-0.03,32.08,2.07,423816.4,4.9,6.8,1017.85,1.97,2.03,21.31999999999971,0.6,5.53,402.22,0.27,8.79,4.9,9.06,2.05168986083499
2012-12-31,2012-12,Dilma Rousseff I,0.62,0.295,0.07,1000.0,2.1,1.5,620,70,690,DILMA 1,left,0,0,76.77,3602.46,510.252,0.68,32.19,2.08,423195.9,4.6,6.9,1010.37,0.48,2.07,28.240000000000236,0.79,5.84,403.01,-0.15,8.07,5.69,8.91,2.0558587161424744
2013-01-31,2013-01,Dilma Rousseff I,0.62,0.295,0.07,1000.0,2.1,1.5,620,70,690,DILMA 1,left,0,0,164.35,3633.44,511.977,0.34,32.17,2.03,414131.8,5.4,7.2,1091.3,-2.4,2.08,30.980000000000018,0.86,6.15,403.87,-2.14,12.78,0.86,-2.14,2.0041641879833434
2013-02-28,2013-02,Dilma Rousseff I,0.62,0.295,0.07,1000.0,2.1,1.5,620,70,690,DILMA 1,left,0,0,69.94,3655.24,513.467,0.29,32.59,1.97,398645.4,5.6,7.7,1085.65,-2.96,2.03,21.799999999999727,0.6,6.31,404.47,-3.74,8.57,1.46,-5.88,1.9522862823061629
2013-03-31,2013-03,Dilma Rousseff I,0.64,0.28,0.07,1000.0,2.1,1.0,640,70,710,DILMA 1,left,0,0,205.75,3672.42,514.526,0.21,32.4,1.98,427409.8,5.7,8.0,1079.18,0.51,1.97,17.18000000000029,0.47,6.59,404.94,7.22,8.76,1.93,1.34,1.9660595202548028
2013-04-30,2013-04,Dilma Rousseff I,0.64,0.28,0.07,1000.0,2.1,1.0,640,70,710,DILMA 1,left,0,0,130.5,3692.62,515.276,0.15,32.14,2.0,438856.8,5.8,7.8,1072.85,1.01,1.98,20.199999999999818,0.55,6.49,405.49,2.68,14.95,2.48,4.02,1.9835902536051715
2013-05-31,2013-05,Dilma Rousseff I,0.64,0.28,0.07,1000.0,2.1,1.0,640,70,710,DILMA 1,left,0,0,145.16,3706.28,515.299,0.0,31.51,2.03,439054.2,5.8,7.6,1069.1,1.5,2.0,13.66000000000031,0.37,6.5,405.86,0.04,9.69,2.85,4.06,2.018830327787187
2013-06-30,2013-06,Dilma Rousseff I,0.4905,0.359,0.14,1250.0,2.1500000000000004,1.05,613,175,788,DILMA 1,left,0,0,131.46,3715.92,519.153,0.75,31.19,2.17,442857.0,6.0,7.4,1066.12,6.9,2.03,9.639999999999873,0.26,6.7,406.12,0.87,11.07,3.11,4.93,2.161779373628566
2013-07-31,2013-07,Dilma Rousseff I,0.3115,0.3785,0.3025,1501.0,2.1,0.75,467,454,921,DILMA 1,left,0,0,162.4,3717.03,520.508,0.26,30.8,2.25,458458.9,5.6,7.3,1067.51,3.69,2.17,1.1100000000001273,0.03,6.27,406.15,3.52,10.57,3.14,8.45,2.2490252924122762
2013-08-31,2013-08,Dilma Rousseff I,0.36,0.42,0.22,1000.0,2.2,0.0,360,220,580,DILMA 1,left,0,0,187.29,3725.95,521.27,0.15,30.58,2.34,452862.2,5.3,7.1,1065.8,4.0,2.25,8.919999999999618,0.24,6.09,406.39,-1.22,7.85,3.38,7.23,2.3320031923383877
2013-09-30,2013-09,Dilma Rousseff I,0.3755,0.3935,0.21949999999999997,1501.0,2.1,1.15,563,329,892,DILMA 1,left,0,0,126.58,3738.99,529.085,1.5,31.51,2.27,438766.7,5.4,6.9,1062.93,-2.99,2.34,13.039999999999964,0.35,5.86,406.74,-3.11,11.5,3.73,4.12,2.2585949177877427
2013-10-31,2013-10,Dilma Rousseff I,0.38,0.42,0.19,1000.0,2.2,1.0,380,190,570,DILMA 1,left,0,0,108.8,3760.3,533.621,0.86,31.62,2.19,466166.0,5.2,6.7,1056.49,-3.52,2.27,21.3100000000004,0.57,5.84,407.31,6.24,10.29,4.3,10.36,2.171920055682609
2013-11-30,2013-11,Dilma Rousseff I,0.4,0.3885,0.1985,1502.5,2.2,1.3,601,298,899,DILMA 1,left,0,0,106.09,3780.61,535.168,0.29,30.58,2.3,465693.8,4.6,6.5,1050.81,5.02,2.19,20.309999999999945,0.54,5.77,407.85,-0.1,9.88,4.84,10.26,2.282275711159737
2013-12-31,2013-12,Dilma Rousseff I,0.43,0.35,0.2,5414.0,2.0,2.0,2328,1082,3410,DILMA 1,left,0,0,116.35,3815.39,538.37,0.6,30.5,2.35,473552.5,4.3,6.2,1043.3,2.17,2.3,34.779999999999745,0.92,5.91,408.77,1.69,11.9,5.76,11.95,2.3194609591755846
2014-01-31,2014-01,Dilma Rousseff I,0.43,0.35,0.2,5414.0,2.0,2.0,2328,1082,3410,DILMA 1,left,0,0,136.65,3836.37,540.959,0.48,30.01,2.38,455935.0,4.8,6.4,1107.11,1.28,2.35,20.980000000000018,0.55,5.59,409.32,-3.72,10.09,0.55,-3.72,2.361511685728493
2014-02-28,2014-02,Dilma Rousseff I,0.387,0.3745,0.22899999999999998,2308.0,2.1,0.95,893,528,1421,DILMA 1,left,0,0,170.02,3862.84,543.038,0.38,30.36,2.38,450358.8,5.1,6.8,1100.07,0.0,2.38,26.470000000000255,0.69,5.68,410.01,-1.22,12.97,1.24,-4.94,2.356837819048565
2014-03-31,2014-03,Dilma Rousseff I,0.36,0.36,0.27,2002.0,2.0,1.0,720,540,1260,DILMA 1,left,0,0,251.17,3898.38,552.087,1.67,30.78,2.33,462159.8,5.0,7.2,1091.12,-2.1,2.38,35.539999999999964,0.92,6.15,410.93,2.62,8.13,2.16,-2.32,2.2996432818073718
2014-04-30,2014-04,Dilma Rousseff I,0.34299999999999997,0.363,0.2853333333333333,2213.6666666666665,2.1333333333333333,0.8666666666666667,759,631,1390,DILMA 1,left,0,0,150.52,3924.5,556.42,0.78,30.78,2.23,468767.5,4.9,7.1,1082.68,-4.29,2.33,26.11999999999989,0.67,6.28,411.6,1.43,6.82,2.83,-0.89,2.2085030297010033
2014-05-31,2014-05,Dilma Rousseff I,0.35,0.355,0.28,2423.0,2.1,1.5,848,678,1526,DILMA 1,left,0,0,97.17,3942.55,555.679,-0.13,31.1,2.22,473347.1,4.9,7.0,1076.22,-0.45,2.23,18.050000000000182,0.46,6.37,412.06,0.98,7.81,3.29,0.09,2.2052558232132196
2014-06-30,2014-06,Dilma Rousseff I,0.31666666666666665,0.3466666666666667,0.32,2779.6666666666665,2.3333333333333335,1.3333333333333333,880,889,1769,DILMA 1,left,0,0,76.95,3958.32,551.554,-0.74,31.48,2.24,458516.5,4.8,6.8,1073.43,0.9,2.22,15.769999999999982,0.4,6.52,412.46,-3.13,3.54,3.69,-3.04,2.2270916334661357
2014-07-31,2014-07,Dilma Rousseff I,0.32666666666666666,0.37333333333333335,0.29333333333333333,2793.0,2.066666666666667,0.6666666666666666,912,819,1731,DILMA 1,left,0,0,114.61,3958.72,548.202,-0.61,31.6,2.22,481994.0,4.9,6.9,1072.04,-0.89,2.24,0.3999999999996362,0.01,6.5,412.47,5.12,5.13,3.7,2.08,2.2196780321967804
2014-08-31,2014-08,Dilma Rousseff I,0.3421666666666667,0.37083333333333335,0.2778333333333333,2143.1666666666665,2.1,0.9166666666666666,733,595,1328,DILMA 1,left,0,0,168.43,3968.62,546.745,-0.27,32.14,2.27,477052.9,5.0,6.9,1070.11,2.25,2.22,9.900000000000091,0.25,6.51,412.72,-1.03,5.34,3.95,1.05,2.261845386533666
2014-09-30,2014-09,Dilma Rousseff I,0.371,0.3618571428571428,0.25485714285714284,2470.5714285714284,2.185714285714286,1.2285714285714284,916,629,1545,DILMA 1,left,0,0,198.72,3991.24,547.839,0.2,32.07,2.33,476520.6,4.9,6.8,1064.89,2.64,2.27,22.61999999999989,0.57,6.75,413.29,-0.11,8.6,4.52,0.94,2.3111265785025354
2014-10-31,2014-10,Dilma Rousseff I,0.4153846153846154,0.3438461538461538,0.22923076923076924,4632.307692307692,2.230769230769231,1.1538461538461537,1924,1061,2985,DILMA 1,left,0,1,91.75,4008.0,549.396,0.28,32.22,2.45,493304.7,4.7,6.6,1060.86,5.15,2.33,16.76000000000022,0.42,6.59,413.71,3.52,5.82,4.94,4.46,2.4355706034654454
2014-11-30,2014-11,Dilma Rousseff I,0.4153846153846154,0.3438461538461538,0.22923076923076924,4632.307692307692,2.230769230769231,1.1538461538461537,1924,1061,2985,DILMA 1,left,0,0,142.01,4028.44,554.769,0.98,32.18,2.55,489484.4,4.8,6.5,1055.27,4.08,2.45,20.440000000000055,0.51,6.56,414.22,-0.77,5.11,5.45,3.69,2.5319868669784094
2014-12-31,2014-12,Dilma Rousseff I,0.41000000000000003,0.325,0.255,2449.0,2.0,1.0,1004,624,1628,DILMA 1,left,0,0,185.61,4059.86,558.213,0.62,32.59,2.64,499867.7,4.3,6.5,1048.77,3.53,2.55,31.420000000000073,0.78,6.41,415.0,2.12,5.56,6.23,5.81,2.6118277435999206
2015-01-31,2015-01,Dilma/Temer,0.25,0.31,0.44,1000.0,3.0,0.0,250,440,690,DILMA 2,left,1,0,193.99,4110.2,562.482,0.76,32.5,2.63,472913.9,6.7,6.8,1124.83,-0.38,2.64,50.33999999999969,1.24,7.14,416.24,-5.39,3.72,1.24,-5.39,2.585539312524694
2015-02-28,2015-02,Dilma/Temer,0.23,0.33,0.44,4000.0,2.0,0.0,920,1760,2680,DILMA 2,left,0,0,302.94,4160.34,564.004,0.27,32.3,2.82,460156.7,7.0,7.4,1111.93,7.22,2.63,50.14000000000033,1.22,7.7,417.46,-2.7,2.18,2.46,-8.09,2.7739577158664295
2015-03-31,2015-03,Dilma/Temer,0.11933333333333333,0.2353333333333333,0.636,2282.0,2.066666666666667,0.9333333333333332,272,1451,1723,DILMA 2,left,0,0,317.27,4215.26,569.536,0.98,31.59,3.14,501752.2,8.1,7.9,1095.39,11.35,2.82,54.92000000000007,1.32,8.13,418.78,9.04,8.57,3.78,0.95,3.086063955783656
2015-04-30,2015-04,Dilma/Temer,0.13,0.27,0.6,2834.0,2.0,0.0,368,1700,2068,DILMA 2,left,0,0,211.52,4245.19,576.175,1.17,32.35,3.04,486614.6,7.8,8.0,1087.67,-3.18,3.14,29.92999999999938,0.71,8.17,419.49,-3.02,3.81,4.49,-2.07,3.0115182206335014
2015-05-31,2015-05,Dilma/Temer,0.13,0.27,0.6,2834.0,2.0,0.0,368,1700,2068,DILMA 2,left,0,0,146.37,4276.6,578.516,0.41,32.39,3.06,483239.7,8.5,8.1,1077.0,0.66,3.04,31.410000000000764,0.74,8.47,420.23,-0.69,2.09,5.23,-2.76,3.0301766924756803
2015-06-30,2015-06,Dilma/Temer,0.095,0.22499999999999998,0.665,2421.0,2.0,1.5,229,1609,1838,DILMA 2,left,0,0,101.23,4310.39,582.401,0.67,33.23,3.11,486647.5,8.8,8.3,1068.78,1.63,3.06,33.789999999999964,0.79,8.89,421.02,0.71,6.14,6.02,-2.05,3.0777854945927166
2015-07-31,2015-07,Dilma/Temer,0.077,0.214,0.7090000000000001,2002.0,2.2,0.0,154,1419,1573,DILMA 2,left,0,0,182.97,4337.11,586.426,0.69,32.91,3.22,502275.2,9.2,8.6,1062.61,3.54,3.11,26.719999999999345,0.62,9.56,421.64,3.21,4.21,6.64,1.16,3.193997217253032
2015-08-31,2015-08,Dilma/Temer,0.08,0.2,0.71,3358.0,2.0,1.0,268,2384,2652,DILMA 2,left,0,0,291.77,4346.65,588.042,0.28,32.46,3.51,492505.7,9.8,8.7,1059.96,9.01,3.22,9.539999999999964,0.22,9.53,421.86,-1.95,3.24,6.86,-0.79,3.5000997804829375
2015-09-30,2015-09,Dilma/Temer,0.12000000000000001,0.275,0.54,2002.0,2.0,6.0,240,1081,1321,DILMA 2,left,0,0,457.1,4370.12,593.606,0.95,32.02,3.91,496004.7,10.4,8.9,1054.58,11.4,3.51,23.470000000000255,0.54,9.49,422.4,0.71,4.09,7.4,-0.08,3.8836284066043367
2015-10-31,2015-10,Dilma/Temer,0.08800000000000001,0.204,0.7,2002.0,2.2,0.8,176,1401,1577,DILMA 2,left,0,0,297.05,4405.95,604.832,1.89,33.07,3.88,518828.9,9.8,9.0,1046.52,-0.77,3.91,35.82999999999993,0.82,9.93,423.22,4.6,5.17,8.22,4.52,3.8403094624082525
2015-11-30,2015-11,Dilma/Temer,0.1,0.22,0.67,2000.0,2.0,1.0,200,1340,1540,DILMA 2,left,0,0,164.98,4450.45,614.051,1.52,33.9,3.78,513819.8,10.8,9.0,1035.04,-2.58,3.88,44.5,1.01,10.48,424.23,-0.97,4.97,9.23,3.55,3.732204732204732
2015-12-31,2015-12,Dilma/Temer,0.12,0.22,0.65,2000.0,2.0,1.0,240,1300,1540,DILMA 2,left,0,0,330.61,4493.17,617.044,0.49,35.64,3.87,521918.7,10.0,9.0,1025.8,2.38,3.78,42.720000000000255,0.96,10.67,425.19,1.58,4.41,10.19,5.13,3.8236925515055464
2016-01-31,2016-01,Dilma/Temer,0.12,0.22,0.65,2000.0,2.0,1.0,240,1300,1540,DILMA 2,left,0,0,306.69,4550.23,624.06,1.14,35.34,4.05,490284.0,10.5,9.5,1128.53,4.65,3.87,57.05999999999949,1.27,10.71,426.46,-6.06,3.67,1.27,-6.06,3.9866692998913793
2016-02-29,2016-02,Dilma/Temer,0.11,0.25,0.63,2001.0,2.1,1.5,220,1260,1480,DILMA 2,left,0,0,224.24,4591.18,632.114,1.29,36.28,3.97,491011.7,10.4,10.2,1117.91,-1.98,4.05,40.95000000000073,0.9,10.36,427.36,0.15,6.71,2.17,-5.91,3.925668979187315
2016-03-31,2016-03,Dilma/Temer,0.1,0.19,0.69,2000.0,3.0,1.0,200,1380,1580,DILMA 2,left,0,0,420.96,4610.92,635.349,0.51,38.33,3.7,516985.9,,10.9,1113.01,-6.8,3.97,19.73999999999978,0.43,9.39,427.79,5.29,3.04,2.6,-0.62,3.679876530917057
2016-04-30,2016-04,Dilma/Temer,0.095,0.20500000000000002,0.6950000000000001,2000.0,2.0,0.5,190,1390,1580,DILMA 2,left,0,0,473.53,4639.05,637.434,0.33,38.87,3.57,508058.7,,11.2,1105.93,-3.51,3.7,28.13000000000011,0.61,9.28,428.4,-1.73,4.41,3.21,-2.35,3.542292018686015
2016-05-31,2016-05,Dilma/Temer,0.095,0.21,0.69,2000.0,2.0,0.5,190,1380,1570,TEMER,left,0,0,221.3,4675.23,642.651,0.82,39.08,3.54,513267.5,,11.2,1095.2,-0.84,3.57,36.17999999999938,0.78,9.32,429.18,1.03,6.21,3.99,-1.32,3.504862075808692
2016-06-30,2016-06,Dilma/Temer,0.10099999999999999,0.3173333333333333,0.44,2001.3333333333333,2.066666666666667,15.266666666666666,202,880,1082,TEMER,left,0,0,294.48,4691.59,653.496,1.69,41.35,3.42,536459.3,,11.3,1090.08,-3.39,3.54,16.360000000000582,0.35,8.84,429.53,4.52,10.24,4.34,3.2,3.4045839561534628
2016-07-31,2016-07,Dilma/Temer,0.14,0.42,0.31,2792.0,2.0,10.0,390,865,1255,TEMER,left,0,0,326.63,4715.99,654.641,0.18,41.94,3.28,532947.8,,11.6,1083.14,-4.09,3.42,24.399999999999636,0.52,8.74,430.05,-0.65,6.11,4.86,2.55,3.2578591325109425
2016-08-31,2016-08,Dilma/Temer,0.14,0.42,0.31,2792.0,2.0,10.0,390,865,1255,TEMER,left,0,0,251.68,4736.74,655.602,0.15,42.81,3.21,534761.8,,11.8,1079.8,-2.13,3.28,20.75,0.44,8.97,430.49,0.34,8.58,5.3,2.89,3.191557148546396
2016-09-30,2016-09,Dilma/Temer,0.14,0.42,0.31,2792.0,2.0,10.0,390,865,1255,TEMER,left,0,0,250.02,4740.53,656.894,0.2,43.64,3.26,509975.0,,11.8,1078.93,1.56,3.21,3.7899999999999636,0.08,8.48,430.57,-4.64,2.82,5.38,-1.75,3.2565947242206237
2016-10-31,2016-10,Dilma/Temer,0.15,0.36,0.37,2002.0,2.2,12.0,300,740,1040,TEMER,left,0,0,149.37,4752.86,657.927,0.16,43.88,3.19,525162.7,,11.8,1077.1,-2.15,3.26,12.329999999999927,0.26,7.87,430.83,2.98,1.22,5.64,1.23,3.179134250947536
2016-11-30,2016-11,Dilma/Temer,0.15,0.36,0.37,2002.0,2.2,12.0,300,740,1040,TEMER,left,0,0,365.75,4761.42,657.752,-0.03,43.99,3.34,541530.7,,11.9,1076.35,4.7,3.19,8.5600000000004,0.18,6.99,431.01,3.12,5.39,5.82,4.35,3.332202036334597
2016-12-31,2016-12,Dilma/Temer,0.11,0.3333333333333333,0.49333333333333335,2540.6666666666665,2.0,5.333333333333333,279,1253,1532,TEMER,left,0,0,422.52,4775.7,661.304,0.54,46.14,3.35,565780.5,,12.0,1074.84,0.3,3.34,14.279999999999745,0.3,6.29,431.31,4.48,8.4,6.12,8.83,3.336989032901296
2017-01-31,2017-01,Dilma/Temer,0.11,0.3333333333333333,0.49333333333333335,2540.6666666666665,2.0,5.333333333333333,279,1253,1532,,left,0,0,330.93,4793.85,665.542,0.64,46.46,3.2,526564.7,,12.6,1139.68,-4.48,3.35,18.150000000000546,0.38,5.35,431.69,-6.93,7.4,0.38,-6.93,3.1841004184100417
2017-02-28,2017-02,Dilma/Temer,0.1,0.39,0.44,2002.0,2.2,7.0,200,880,1080,,left,0,0,371.61,4809.67,666.099,0.08,47.26,3.1,514120.5,,13.2,1136.95,-3.12,3.2,15.819999999999709,0.33,4.76,432.02,-2.36,4.71,0.71,-9.29,3.0865145021429274
2017-03-31,2017-03,Dilma/Temer,0.1,0.31,0.55,3010.0,2.0,4.0,301,1655,1956,,left,0,0,676.96,4821.69,666.197,0.01,47.53,3.13,544312.9,,13.7,1133.32,0.97,3.1,12.019999999999527,0.25,4.57,432.27,5.87,5.29,0.96,-3.42,3.1197007481296763
2017-04-30,2017-04,Dilma/Temer,0.09,0.28,0.61,2792.0,2.0,3.0,251,1703,1954,,left,0,0,550.17,4828.44,658.898,-1.1,47.47,3.14,525238.1,,13.6,1132.41,0.32,3.13,6.75,0.14,4.08,432.41,-3.5,3.38,1.1,-6.92,3.134212103055722
2017-05-31,2017-05,Dilma/Temer,0.09,0.28,0.61,2792.0,2.0,3.0,251,1703,1954,,left,0,0,407.86,4843.41,652.758,-0.93,48.0,3.21,548887.7,,13.3,1128.35,2.23,3.14,14.970000000000255,0.31,3.6,432.72,4.5,6.94,1.41,-2.42,3.1969893330674903
2017-06-30,2017-06,Dilma/Temer,0.07,0.23,0.69,2792.0,2.0,2.0,195,1926,2121,,left,0,0,230.97,4832.27,648.409,-0.67,48.43,3.3,556787.6,,13.0,1131.75,2.8,3.21,-11.139999999999418,-0.23,3.0,432.49,1.44,3.79,1.18,-0.98,3.3099127994387088
2017-07-31,2017-07,Dilma/Temer,0.05,0.21,0.7,2000.0,2.0,3.0,100,1400,1500,,left,0,0,267.2,4843.87,643.766,-0.72,49.68,3.21,557458.2,,12.8,1129.83,-2.73,3.3,11.599999999999454,0.24,2.71,432.73,0.12,4.6,1.42,-0.86,3.1999201915403033
2017-08-31,2017-08,Dilma/Temer,0.05,0.21,0.7,2000.0,2.0,3.0,100,1400,1500,,left,0,0,309.67,4853.07,644.383,0.1,50.1,3.15,555578.7,,12.6,1130.16,-1.87,3.21,9.199999999999818,0.19,2.46,432.92,-0.34,3.89,1.61,-1.2,3.142129953089131
2017-09-30,2017-09,Dilma/Temer,0.03666666666666667,0.18000000000000002,0.75,2264.6666666666665,2.066666666666667,3.0,83,1698,1781,,left,0,0,326.51,4860.83,647.4,0.47,50.75,3.13,528871.2,,12.4,1130.39,-0.63,3.15,7.760000000000218,0.16,2.54,433.08,-4.81,3.71,1.77,-6.01,3.123402555910543
2017-10-31,2017-10,Dilma/Temer,0.05,0.23,0.71,2792.0,2.0,1.0,139,1982,2121,,left,0,0,190.57,4881.25,648.672,0.2,50.54,3.19,549304.7,,12.2,1126.22,1.92,3.13,20.420000000000073,0.42,2.7,433.5,3.86,4.6,2.19,-2.15,3.1724756024696275
2017-11-30,2017-11,Dilma/Temer,0.05,0.23,0.71,2792.0,2.0,1.0,139,1982,2121,,left,0,0,279.87,4894.92,652.073,0.52,50.85,3.26,566209.3,,12.0,1124.2,2.19,3.19,13.670000000000073,0.28,2.8,433.78,3.08,4.56,2.47,0.93,3.248105305145592
2017-12-31,2017-12,Dilma/Temer,0.06,0.19,0.74,2000.0,2.0,2.0,120,1480,1600,,left,0,0,215.57,4916.46,657.859,0.89,51.37,3.29,588892.8,,11.8,1121.28,0.92,3.26,21.539999999999964,0.44,2.95,434.22,4.01,4.09,2.91,4.94,3.271206690561529
2018-01-31,2018-01,Dilma/Temer,0.06,0.22,0.7,2792.0,2.0,2.0,167,1954,2121,,left,0,0,165.01,4930.72,662.826,0.76,51.43,3.21,555644.6,,12.2,1139.01,-2.43,3.29,14.260000000000218,0.29,2.86,434.51,-5.65,5.52,0.29,-5.65,3.1978263037192143
2018-02-28,2018-02,Dilma/Temer,0.06,0.22,0.7,2792.0,2.0,2.0,167,1954,2121,,left,0,0,68.46,4946.5,663.311,0.07,51.59,3.24,528905.5,,12.6,1136.96,0.93,3.21,15.779999999999745,0.32,2.84,434.83,-4.81,2.88,0.61,-10.46,3.2264752791068583
2018-03-31,2018-03,Dilma/Temer,0.045,0.20500000000000002,0.725,2001.0,2.1,2.5,90,1450,1540,,left,0,0,101.21,4950.95,667.524,0.64,51.84,3.28,560120.7,,13.1,1136.17,1.23,3.24,4.449999999999818,0.09,2.68,434.92,5.9,2.9,0.7,-4.56,3.2761514636826856
2018-04-30,2018-04,Dilma/Temer,0.06,0.23,0.7,2792.0,2.0,2.0,167,1954,2121,,left,0,0,152.25,4961.84,671.327,0.57,51.24,3.41,559359.8,,12.9,1133.78,3.96,3.28,10.890000000000327,0.22,2.76,435.14,-0.14,6.5,0.92,-4.7,3.4003192975454004
2018-05-31,2018-05,Dilma/Temer,0.045,0.215,0.72,1501.0,2.7,2.0,67,1080,1147,,left,0,0,179.81,4981.69,680.579,1.38,50.68,3.64,547016.5,,12.7,1128.93,6.74,3.41,19.849999999999454,0.4,2.86,435.54,-2.21,-0.34,1.32,-6.91,3.621513944223108
2018-06-30,2018-06,Dilma/Temer,0.035,0.16,0.8,1896.0,2.6,1.0,66,1516,1582,,left,0,0,152.19,5044.46,693.287,1.87,50.73,3.77,580697.8,,12.4,1113.02,3.57,3.64,62.77000000000044,1.26,4.39,436.8,6.16,4.29,2.58,-0.75,3.7106458621370724
2018-07-31,2018-07,Dilma/Temer,0.05,0.18,0.76,1000.0,3.2,1.0,50,760,810,,left,0,0,182.88,5061.11,696.8,0.51,51.32,3.83,583054.8,,12.3,1110.24,1.59,3.77,16.649999999999636,0.33,4.48,437.13,0.41,4.59,2.91,-0.34,3.814113425695205
2018-08-31,2018-08,Dilma/Temer,0.03666666666666667,0.18999999999999997,0.7600000000000001,1931.3333333333333,2.466666666666667,1.3333333333333333,70,1467,1537,,left,0,0,129.48,5056.56,701.677,0.7,50.35,3.93,582756.7,,12.1,1110.24,2.61,3.83,-4.549999999999272,-0.09,4.19,437.04,-0.05,4.89,2.82,-0.39,3.934440996897207
2018-09-30,2018-09,Dilma/Temer,0.037142857142857144,0.15571428571428572,0.7857142857142857,2304.0,2.0285714285714285,2.0,85,1810,1895,,left,0,0,130.24,5080.83,712.373,1.52,51.34,4.12,556776.6,,11.9,1106.92,4.83,3.93,24.269999999999527,0.48,4.53,437.52,-4.46,5.28,3.3,-4.85,4.095541401273886
2018-10-31,2018-10,Dilma/Temer,0.037142857142857144,0.15571428571428572,0.7857142857142857,2304.0,2.0285714285714285,2.0,85,1810,1895,,left,0,1,260.17,5103.69,718.684,0.89,52.44,3.76,591983.9,,11.7,1102.51,-8.74,4.12,22.859999999999673,0.45,4.56,437.97,6.32,7.77,3.75,1.47,3.7386759581881535
2018-11-30,2018-11,Dilma/Temer,0.08,0.27,0.64,1000.0,3.2,1.0,80,640,720,,left,0,0,177.47,5092.97,715.166,-0.49,52.21,3.79,593926.9,,11.6,1105.27,0.8,3.76,-10.719999999999345,-0.21,4.05,437.76,0.33,4.9,3.54,1.8,3.800080168353542
2018-12-31,2018-12,Dilma/Temer,0.07,0.26,0.65,1896.0,2.6,1.5,132,1232,1364,,left,0,0,281.91,5100.61,707.441,-1.08,52.77,3.88,603155.2,,11.6,1103.73,2.37,3.79,7.639999999999418,0.15,3.75,437.91,1.55,2.42,3.69,3.35,3.8726909635546676
2019-01-31,2019-01,Jair Bolsonaro,0.48,0.278,0.192,1460.0,2.6399999999999997,5.0,700,280,980,BOLSONARO,right,1,0,127.07,5116.93,707.488,0.01,53.09,3.74,578452.6,,12.0,1150.49,-3.61,3.88,16.32000000000062,0.32,3.78,438.23,-4.1,4.1,0.32,-4.1,3.72488038277512
2019-02-28,2019-02,Jair Bolsonaro,0.4058,0.3,0.22199999999999998,1660.4,2.48,7.220000000000001,673,368,1041,BOLSONARO,right,0,0,154.84,5138.93,713.747,0.88,53.06,3.72,567984.5,,12.4,1144.31,-0.53,3.74,22.0,0.43,3.89,438.66,-1.81,7.39,0.75,-5.91,3.699790899133726
2019-03-31,2019-03,Jair Bolsonaro,0.36128571428571427,0.334,0.2604285714285714,1644.0,2.457142857142857,5.285714285714286,593,428,1021,BOLSONARO,right,0,0,158.13,5177.47,722.707,1.26,52.97,3.85,579172.6,,12.7,1135.57,3.49,3.72,38.539999999999964,0.75,4.58,439.41,1.97,3.4,1.5,-3.94,3.813895781637717
2019-04-30,2019-04,Jair Bolsonaro,0.343125,0.34425,0.27025,1587.5,2.575,3.9875,544,429,973,BOLSONARO,right,0,0,164.67,5206.98,729.346,0.92,52.96,3.9,592916.0,,12.5,1128.79,1.3,3.85,29.50999999999931,0.57,4.94,439.98,2.37,6.0,2.07,-1.57,3.872228298697425
2019-05-31,2019-05,Jair Bolsonaro,0.33520000000000005,0.3166,0.33240000000000003,1200.0,2.84,1.58,402,398,800,BOLSONARO,right,0,0,184.27,5213.75,732.595,0.45,53.13,4.0,604607.4,,12.3,1127.1,2.56,3.9,6.770000000000437,0.13,4.66,440.11,1.97,10.53,2.2,0.4,3.9935084390292612
2019-06-30,2019-06,Jair Bolsonaro,0.343,0.2924,0.3418,1409.0,2.7,2.1,483,481,964,BOLSONARO,right,0,0,146.99,5214.27,738.421,0.8,53.68,3.86,598283.0,,12.0,1126.99,-3.5,4.0,0.5200000000004366,0.01,3.37,440.12,-1.05,3.03,2.21,-0.65,3.8595140485951402
2019-07-31,2019-07,Jair Bolsonaro,0.34833333333333333,0.29933333333333334,0.33416666666666667,1560.8333333333333,2.533333333333333,1.9666666666666668,543,521,1064,BOLSONARO,right,0,0,79.84,5224.18,741.346,0.4,54.12,3.78,627049.7,,11.8,1125.87,-2.07,3.86,9.909999999999854,0.19,3.22,440.31,4.81,7.55,2.4,4.16,3.7709352230761546
2019-08-31,2019-08,Jair Bolsonaro,0.33297,0.30016000000000004,0.33294,1631.1,2.67,3.3899999999999997,543,543,1086,BOLSONARO,right,0,0,161.18,5229.93,736.402,-0.67,53.17,4.02,616157.6,,11.8,1124.52,6.35,3.78,5.75,0.11,3.43,440.42,-1.74,5.73,2.51,2.42,4.0144840675257205
2019-09-30,2019-09,Jair Bolsonaro,0.3538333333333333,0.26433333333333336,0.35733333333333334,1511.1666666666667,2.716666666666667,2.92,534,539,1073,BOLSONARO,right,0,0,187.55,5227.84,736.362,-0.01,53.49,4.12,614187.9,,11.8,1125.08,2.49,4.02,-2.0900000000001455,-0.04,2.89,440.38,-0.32,10.31,2.47,2.1,4.122048819527811
2019-10-31,2019-10,Jair Bolsonaro,0.33442857142857146,0.2805714285714286,0.36,1114.5714285714287,2.957142857142857,2.7285714285714286,372,401,773,BOLSONARO,right,0,0,178.2,5233.07,741.333,0.68,53.95,4.09,641340.1,,11.6,1124.63,-0.73,4.12,5.229999999999563,0.1,2.54,440.48,4.42,8.34,2.57,6.52,4.084915084915085
2019-11-30,2019-11,Jair Bolsonaro,0.31614285714285717,0.27214285714285713,0.38657142857142857,1293.0,2.7857142857142856,2.7714285714285714,408,499,907,BOLSONARO,right,0,0,171.05,5259.76,743.558,0.3,53.63,4.16,634826.2,,11.2,1118.59,1.71,4.09,26.69000000000051,0.51,3.27,440.99,-1.02,6.89,3.08,5.5,4.13381753059397
2019-12-31,2019-12,Jair Bolsonaro,0.32333333333333336,0.3095555555555556,0.33866666666666667,1711.0,2.4444444444444446,3.066666666666667,553,579,1132,BOLSONARO,right,0,0,183.19,5320.25,759.112,2.09,54.57,4.11,646343.1,,11.0,1105.11,-1.2,4.16,60.48999999999978,1.15,4.31,442.14,1.81,7.16,4.23,7.31,4.051903114186851
2020-01-31,2020-01,Jair Bolsonaro,0.3555,0.29054,0.31784,1480.4,2.7399999999999998,3.2299999999999995,526,470,996,BOLSONARO,right,0,0,130.72,5331.42,762.733,0.48,53.12,4.15,617747.2,,11.2,1148.33,0.97,4.11,11.170000000000073,0.21,4.19,442.35,-4.42,6.79,0.21,-4.42,4.139207663905799
2020-02-29,2020-02,Jair Bolsonaro,0.3552857142857143,0.30414285714285716,0.31542857142857145,1379.2857142857142,2.8714285714285714,2.7714285714285714,490,435,925,BOLSONARO,right,0,0,232.25,5344.75,762.423,-0.04,52.55,4.34,609810.8,,11.6,1153.0,4.58,4.15,13.329999999999927,0.25,4.01,442.6,-1.28,7.36,0.46,-5.7,4.326683291770574
2020-03-31,2020-03,Jair Bolsonaro,0.33485,0.30343,0.31892,1336.5,2.9699999999999998,2.9050000000000002,447,426,873,BOLSONARO,right,0,0,368.9,5348.49,771.908,1.24,50.73,4.88,616335.3,,12.2,1150.93,12.44,4.34,3.7399999999997817,0.07,3.3,442.67,1.07,6.42,0.53,-4.63,4.875886879184571
2020-04-30,2020-04,Jair Bolsonaro,0.29936111111111113,0.2666277777777778,0.4057944444444444,1501.2222222222222,2.905555555555556,3.0027777777777778,449,609,1058,BOLSONARO,right,0,0,312.15,5331.91,778.101,0.8,51.79,5.33,555387.4,,12.6,1153.58,9.22,4.88,-16.579999999999927,-0.31,2.4,442.36,-9.89,-6.33,0.22,-14.52,5.349684020463437
2020-05-31,2020-05,Jair Bolsonaro,0.2887294117647059,0.23448235294117648,0.45034705882352943,1779.5882352941176,2.4817647058823527,2.908823529411765,513,801,1314,BOLSONARO,right,0,0,308.77,5311.65,780.28,0.28,54.07,5.64,561628.4,,12.9,1156.47,5.82,5.33,-20.26000000000022,-0.38,1.88,441.98,1.12,-7.11,-0.16,-13.4,5.665328247339891
2020-06-30,2020-06,Jair Bolsonaro,0.27854545454545454,0.20700000000000002,0.49127272727272725,1903.7272727272727,2.576363636363636,2.2181818181818183,530,935,1465,BOLSONARO,right,0,0,115.94,5325.46,792.429,1.56,56.74,5.2,591612.0,,13.3,1153.01,-7.8,5.64,13.8100000000004,0.26,2.13,442.24,5.34,-1.12,0.1,-8.06,5.1839218033113905
2020-07-31,2020-07,Jair Bolsonaro,0.31166666666666665,0.23,0.42783333333333334,1755.0,2.566666666666667,3.3000000000000003,546,750,1296,BOLSONARO,right,0,0,170.98,5344.63,810.083,2.23,58.76,5.28,629925.1,,13.8,1147.96,1.54,5.2,19.170000000000073,0.36,2.31,442.6,6.48,0.46,0.46,-1.58,5.257473096851335
2020-08-31,2020-08,Jair Bolsonaro,0.34055555555555556,0.24633333333333335,0.3881111111111111,1704.888888888889,2.488888888888889,2.4444444444444446,580,661,1241,BOLSONARO,right,0,0,263.14,5357.46,832.313,2.74,59.42,5.46,625222.8,,14.4,1143.84,3.41,5.28,12.829999999999927,0.24,2.44,442.84,-0.75,1.47,0.7,-2.33,5.4445331205107745
2020-09-30,2020-09,Jair Bolsonaro,0.3657142857142857,0.26999999999999996,0.34142857142857147,1819.2857142857142,2.4714285714285715,2.7142857142857144,665,621,1286,BOLSONARO,right,0,0,227.69,5391.75,868.442,4.34,60.16,5.4,636587.4,,14.6,1133.97,-1.1,5.46,34.289999999999964,0.64,3.14,443.48,1.82,3.65,1.34,-0.51,5.359300476947537
2020-10-31,2020-10,Jair Bolsonaro,0.381,0.264625,0.33225,1676.0,2.575,2.1875,638,556,1194,BOLSONARO,right,0,0,345.44,5438.12,896.505,3.23,60.13,5.63,659383.4,,14.3,1123.97,4.26,5.4,46.36999999999989,0.86,3.92,444.34,3.58,2.81,2.2,3.07,5.573468173706128
2020-11-30,2020-11,Jair Bolsonaro,0.3498571428571428,0.24357142857142858,0.3828571428571429,1592.2857142857142,2.6285714285714286,2.5142857142857147,557,609,1166,BOLSONARO,right,0,0,265.05,5486.52,925.887,3.28,61.73,5.42,662205.1,,14.1,1113.4,-3.73,5.63,48.400000000000546,0.89,4.31,445.23,0.43,4.31,3.09,3.5,5.363366042224205
2020-12-31,2020-12,Jair Bolsonaro,0.37200000000000005,0.24233333333333332,0.3655,2007.6666666666667,2.1999999999999997,2.3333333333333335,746,733,1479,BOLSONARO,right,0,0,324.88,5560.59,934.758,0.96,62.7,5.15,681911.7,,13.9,1097.37,-4.98,5.42,74.06999999999971,1.35,4.52,446.58,2.98,5.5,4.44,6.48,5.068080907745436
2021-01-31,2021-01,Jair Bolsonaro,0.314125,0.2305,0.43325,1938.125,2.4,2.25,608,839,1447,BOLSONARO,right,0,0,204.15,5574.49,958.844,2.58,61.16,5.36,651778.2,,14.2,1152.02,4.08,5.15,13.899999999999636,0.25,4.56,446.83,-4.42,5.51,0.25,-4.42,5.344139650872819
2021-02-28,2021-02,Jair Bolsonaro,0.30875,0.24875,0.4175,1650.5,2.6125,2.675,509,689,1198,BOLSONARO,right,0,0,201.58,5622.43,983.063,2.53,61.15,5.42,672534.5,,14.4,1142.65,1.12,5.36,47.94000000000051,0.86,5.2,447.69,3.18,10.29,1.11,-1.24,5.365258774538965
2021-03-31,2021-03,Jair Bolsonaro,0.27090000000000003,0.21749999999999997,0.4951,2150.1,2.42,1.8,582,1064,1646,BOLSONARO,right,0,0,184.38,5674.72,1011.948,2.94,60.41,5.65,723710.0,,14.7,1132.91,4.24,5.42,52.289999999999964,0.93,6.1,448.62,7.61,17.42,2.04,6.37,5.5887248588130385
2021-04-30,2021-04,Jair Bolsonaro,0.2435,0.22,0.51875,2307.75,2.25,1.75,561,1197,1758,BOLSONARO,right,0,0,143.51,5692.31,1027.211,1.51,59.74,5.56,696137.3,,14.7,1128.62,-1.59,5.65,17.590000000000146,0.31,6.76,448.93,-3.81,25.34,2.35,2.56,5.539726846774997
2021-05-31,2021-05,Jair Bolsonaro,0.2688888888888889,0.21811111111111112,0.4934444444444444,2089.6666666666665,2.2666666666666666,1.7875,561,1031,1592,BOLSONARO,right,0,0,115.98,5739.56,1069.289,4.1,59.73,5.29,688826.2,,14.6,1117.89,-4.86,5.56,47.25,0.83,8.06,449.76,-1.05,22.65,3.18,1.51,5.238222751165328
2021-06-30,2021-06,Jair Bolsonaro,0.2712125,0.2081625,0.5018750000000001,1936.75,2.4625,1.95,525,972,1497,BOLSONARO,right,0,0,200.04,5769.98,1075.733,0.6,60.82,5.03,693196.2,,14.1,1111.22,-4.91,5.29,30.419999999999163,0.53,8.35,450.29,0.63,17.17,3.71,2.14,4.998209489704566
2021-07-31,2021-07,Jair Bolsonaro,0.2548333333333333,0.20633333333333334,0.5213333333333333,1926.5,2.5083333333333333,1.7333333333333334,490,1004,1494,BOLSONARO,right,0,0,62.59,5825.37,1084.095,0.78,60.32,5.16,720941.7,,13.7,1100.0,2.58,5.03,55.39000000000033,0.96,8.99,451.25,4.0,14.45,4.67,6.14,5.101426307448494
2021-08-31,2021-08,Jair Bolsonaro,0.26,0.194,0.514,1900.0,2.6399999999999997,3.0,494,976,1470,BOLSONARO,right,0,0,80.26,5876.05,1091.29,0.66,60.32,5.25,720941.7,,13.7,1100.0,1.74,5.16,50.68000000000029,0.87,9.68,452.12,4.0,14.45,5.54,6.14,5.196093982353525
2021-09-30,2021-09,Jair Bolsonaro,0.24425,0.17350000000000002,0.55525,2664.375,2.3375,2.575,650,1479,2129,BOLSONARO,right,0,0,80.26,5876.05,1084.31,0.66,60.32,5.28,720941.7,,13.7,1100.0,0.57,5.25,0.0,0.0,8.98,452.12,4.0,14.45,5.54,6.14,5.28
