date;turno;previsto;candidato;hdi_50_lower;hdi_50_higher;hdi_90_lower;hdi_90_higher;updated
2020-09-06;1;0,309;Bolsonaro;0,2975;0,3204;0,2749;0,3431;2021-12-03
2020-09-13;1;0,309;Bolsonaro;0,2975;0,3204;0,2749;0,3431;2021-12-03
2020-09-20;1;0,309;Bolsonaro;0,2975;0,3204;0,2749;0,3431;2021-12-03
2020-09-27;1;0,309;Bolsonaro;0,2975;0,3204;0,2749;0,3431;2021-12-03
2020-10-04;1;0,309;Bolsonaro;0,2975;0,3204;0,2749;0,3431;2021-12-03
2020-10-11;1;0,309;Bolsonaro;0,2975;0,3204;0,2749;0,3431;2021-12-03
2020-10-18;1;0,309;Bolsonaro;0,2975;0,3204;0,2749;0,3431;2021-12-03
2020-10-25;1;0,309;Bolsonaro;0,2975;0,3204;0,2749;0,3431;2021-12-03
2020-11-01;1;0,309;Bolsonaro;0,2975;0,3204;0,2749;0,3431;2021-12-03
2020-11-08;1;0,309;Bolsonaro;0,2975;0,3204;0,2749;0,3431;2021-12-03
2020-11-15;1;0,309;Bolsonaro;0,2975;0,3204;0,2749;0,3431;2021-12-03
2020-11-22;1;0,309;Bolsonaro;0,2975;0,3204;0,2749;0,3431;2021-12-03
2020-11-29;1;0,309;Bolsonaro;0,2975;0,3204;0,2749;0,3431;2021-12-03
2020-12-06;1;0,309;Bolsonaro;0,2975;0,3204;0,2749;0,3431;2021-12-03
2020-12-13;1;0,309;Bolsonaro;0,2975;0,3204;0,2749;0,3431;2021-12-03
2020-12-20;1;0,309;Bolsonaro;0,2975;0,3204;0,2749;0,3431;2021-12-03
2020-12-27;1;0,341;Bolsonaro;0,3295;0,3524;0,3069;0,3751;2021-12-03
2021-01-03;1;0,341;Bolsonaro;0,3295;0,3524;0,3069;0,3751;2021-12-03
2021-01-10;1;0,341;Bolsonaro;0,3295;0,3524;0,3069;0,3751;2021-12-03
2021-01-17;1;0,342;Bolsonaro;0,3305;0,3534;0,3079;0,3761;2021-12-03
2021-01-24;1;0,341;Bolsonaro;0,3295;0,3524;0,3069;0,3751;2021-12-03
2021-01-31;1;0,341;Bolsonaro;0,3295;0,3524;0,3069;0,3751;2021-12-03
2021-02-07;1;0,341;Bolsonaro;0,3295;0,3524;0,3069;0,3751;2021-12-03
2021-02-14;1;0,341;Bolsonaro;0,3295;0,3524;0,3069;0,3751;2021-12-03
2021-02-21;1;0,341;Bolsonaro;0,3295;0,3524;0,3069;0,3751;2021-12-03
2021-02-28;1;0,341;Bolsonaro;0,3295;0,3524;0,3069;0,3751;2021-12-03
2021-03-07;1;0,334;Bolsonaro;0,3225;0,3454;0,2999;0,3681;2021-12-03
2021-03-14;1;0,329;Bolsonaro;0,3175;0,3404;0,2949;0,3631;2021-12-03
2021-03-21;1;0,308;Bolsonaro;0,2965;0,3194;0,2739;0,3421;2021-12-03
2021-03-28;1;0,308;Bolsonaro;0,2965;0,3194;0,2739;0,3421;2021-12-03
2021-04-04;1;0,308;Bolsonaro;0,2965;0,3194;0,2739;0,3421;2021-12-03
2021-04-11;1;0,308;Bolsonaro;0,2965;0,3194;0,2739;0,3421;2021-12-03
2021-04-18;1;0,312;Bolsonaro;0,3005;0,3234;0,2779;0,3461;2021-12-03
2021-04-25;1;0,314;Bolsonaro;0,3025;0,3254;0,2799;0,3481;2021-12-03
2021-05-02;1;0,314;Bolsonaro;0,3025;0,3254;0,2799;0,3481;2021-12-03
2021-05-09;1;0,314;Bolsonaro;0,3025;0,3254;0,2799;0,3481;2021-12-03
2021-05-16;1;0,296;Bolsonaro;0,2845;0,3074;0,2619;0,3301;2021-12-03
2021-05-23;1;0,296;Bolsonaro;0,2845;0,3074;0,2619;0,3301;2021-12-03
2021-05-30;1;0,296;Bolsonaro;0,2845;0,3074;0,2619;0,3301;2021-12-03
2021-06-06;1;0,291;Bolsonaro;0,2795;0,3024;0,2569;0,3251;2021-12-03
2021-06-13;1;0,291;Bolsonaro;0,2795;0,3024;0,2569;0,3251;2021-12-03
2021-06-20;1;0,291;Bolsonaro;0,2795;0,3024;0,2569;0,3251;2021-12-03
2021-06-27;1;0,281;Bolsonaro;0,2695;0,2924;0,2469;0,3151;2021-12-03
2021-07-04;1;0,278;Bolsonaro;0,2665;0,2894;0,2439;0,3121;2021-12-03
2021-07-11;1;0,282;Bolsonaro;0,2705;0,2934;0,2479;0,3161;2021-12-03
2021-07-18;1;0,274;Bolsonaro;0,2625;0,2854;0,2399;0,3081;2021-12-03
2021-07-25;1;0,274;Bolsonaro;0,2625;0,2854;0,2399;0,3081;2021-12-03
2021-08-01;1;0,278;Bolsonaro;0,2665;0,2894;0,2439;0,3121;2021-12-03
2021-08-08;1;0,272;Bolsonaro;0,2605;0,2834;0,2379;0,3061;2021-12-03
2021-08-15;1;0,272;Bolsonaro;0,2605;0,2834;0,2379;0,3061;2021-12-03
2021-08-22;1;0,28;Bolsonaro;0,2685;0,2914;0,2459;0,3141;2021-12-03
2021-08-29;1;0,277;Bolsonaro;0,2655;0,2884;0,2429;0,3111;2021-12-03
2021-09-05;1;0,279;Bolsonaro;0,2675;0,2904;0,2449;0,3131;2021-12-03
2021-09-12;1;0,267;Bolsonaro;0,2555;0,2784;0,2329;0,3011;2021-12-03
2021-09-19;1;0,27;Bolsonaro;0,2585;0,2814;0,2359;0,3041;2021-12-03
2021-09-26;1;0,266;Bolsonaro;0,2545;0,2774;0,2319;0,3001;2021-12-03
2021-10-03;1;0,275;Bolsonaro;0,2635;0,2864;0,2409;0,3091;2021-12-03
2021-10-10;1;0,292;Bolsonaro;0,2805;0,3034;0,2579;0,3261;2021-12-03
2021-10-17;1;0,292;Bolsonaro;0,2805;0,3034;0,2579;0,3261;2021-12-03
2021-10-24;1;0,309;Bolsonaro;0,2975;0,3204;0,2749;0,3431;2021-12-03
2021-10-31;1;0,28;Bolsonaro;0,2685;0,2914;0,2459;0,3141;2021-12-03
2021-11-07;1;0,276;Bolsonaro;0,2645;0,2874;0,2419;0,3101;2021-12-03
2021-11-14;1;0,272;Bolsonaro;0,2605;0,2834;0,2379;0,3061;2021-12-03
2021-11-21;1;0,254;Bolsonaro;0,2425;0,2654;0,2199;0,2881;2021-12-03
2021-11-28;1;0,254;Bolsonaro;0,2425;0,2654;0,2199;0,2881;2021-12-03
2021-12-05;1;0,263;Bolsonaro;0,2515;0,2744;0,2289;0,2971;2021-12-03
2021-12-12;1;0,267;Bolsonaro;0,2555;0,2784;0,2329;0,3011;2021-12-03
2021-12-19;1;0,269;Bolsonaro;0,2575;0,2804;0,2349;0,3031;2021-12-03
2020-09-06;1;0,169;Lula;0,1575;0,1804;0,1349;0,2031;2021-12-03
2020-09-13;1;0,169;Lula;0,1575;0,1804;0,1349;0,2031;2021-12-03
2020-09-20;1;0,169;Lula;0,1575;0,1804;0,1349;0,2031;2021-12-03
2020-09-27;1;0,169;Lula;0,1575;0,1804;0,1349;0,2031;2021-12-03
2020-10-04;1;0,169;Lula;0,1575;0,1804;0,1349;0,2031;2021-12-03
2020-10-11;1;0,169;Lula;0,1575;0,1804;0,1349;0,2031;2021-12-03
2020-10-18;1;0,169;Lula;0,1575;0,1804;0,1349;0,2031;2021-12-03
2020-10-25;1;0,169;Lula;0,1575;0,1804;0,1349;0,2031;2021-12-03
2020-11-01;1;0,169;Lula;0,1575;0,1804;0,1349;0,2031;2021-12-03
2020-11-08;1;0,169;Lula;0,1575;0,1804;0,1349;0,2031;2021-12-03
2020-11-15;1;0,169;Lula;0,1575;0,1804;0,1349;0,2031;2021-12-03
2020-11-22;1;0,169;Lula;0,1575;0,1804;0,1349;0,2031;2021-12-03
2020-11-29;1;0,169;Lula;0,1575;0,1804;0,1349;0,2031;2021-12-03
2020-12-06;1;0,169;Lula;0,1575;0,1804;0,1349;0,2031;2021-12-03
2020-12-13;1;0,169;Lula;0,1575;0,1804;0,1349;0,2031;2021-12-03
2020-12-20;1;0,169;Lula;0,1575;0,1804;0,1349;0,2031;2021-12-03
2020-12-27;1;0,169;Lula;0,1575;0,1804;0,1349;0,2031;2021-12-03
2021-01-03;1;0,169;Lula;0,1575;0,1804;0,1349;0,2031;2021-12-03
2021-01-10;1;0,169;Lula;0,1575;0,1804;0,1349;0,2031;2021-12-03
2021-01-17;1;0,169;Lula;0,1575;0,1804;0,1349;0,2031;2021-12-03
2021-01-24;1;0,169;Lula;0,1575;0,1804;0,1349;0,2031;2021-12-03
2021-01-31;1;0,169;Lula;0,1575;0,1804;0,1349;0,2031;2021-12-03
2021-02-07;1;0,169;Lula;0,1575;0,1804;0,1349;0,2031;2021-12-03
2021-02-14;1;0,169;Lula;0,1575;0,1804;0,1349;0,2031;2021-12-03
2021-02-21;1;0,169;Lula;0,1575;0,1804;0,1349;0,2031;2021-12-03
2021-02-28;1;0,169;Lula;0,1575;0,1804;0,1349;0,2031;2021-12-03
2021-03-07;1;0,17;Lula;0,1585;0,1814;0,1359;0,2041;2021-12-03
2021-03-14;1;0,23;Lula;0,2185;0,2414;0,1959;0,2641;2021-12-03
2021-03-21;1;0,271;Lula;0,2595;0,2824;0,2369;0,3051;2021-12-03
2021-03-28;1;0,271;Lula;0,2595;0,2824;0,2369;0,3051;2021-12-03
2021-04-04;1;0,271;Lula;0,2595;0,2824;0,2369;0,3051;2021-12-03
2021-04-11;1;0,271;Lula;0,2595;0,2824;0,2369;0,3051;2021-12-03
2021-04-18;1;0,271;Lula;0,2595;0,2824;0,2369;0,3051;2021-12-03
2021-04-25;1;0,294;Lula;0,2825;0,3054;0,2599;0,3281;2021-12-03
2021-05-02;1;0,294;Lula;0,2825;0,3054;0,2599;0,3281;2021-12-03
2021-05-09;1;0,294;Lula;0,2825;0,3054;0,2599;0,3281;2021-12-03
2021-05-16;1;0,317;Lula;0,3055;0,3284;0,2829;0,3511;2021-12-03
2021-05-23;1;0,317;Lula;0,3055;0,3284;0,2829;0,3511;2021-12-03
2021-05-30;1;0,317;Lula;0,3055;0,3284;0,2829;0,3511;2021-12-03
2021-06-06;1;0,319;Lula;0,3075;0,3304;0,2849;0,3531;2021-12-03
2021-06-13;1;0,318;Lula;0,3065;0,3294;0,2839;0,3521;2021-12-03
2021-06-20;1;0,318;Lula;0,3065;0,3294;0,2839;0,3521;2021-12-03
2021-06-27;1;0,346;Lula;0,3345;0,3574;0,3119;0,3801;2021-12-03
2021-07-04;1;0,347;Lula;0,3355;0,3584;0,3129;0,3811;2021-12-03
2021-07-11;1;0,376;Lula;0,3645;0,3874;0,3419;0,4101;2021-12-03
2021-07-18;1;0,382;Lula;0,3705;0,3934;0,3479;0,4161;2021-12-03
2021-07-25;1;0,382;Lula;0,3705;0,3934;0,3479;0,4161;2021-12-03
2021-08-01;1;0,413;Lula;0,4015;0,4244;0,3789;0,4471;2021-12-03
2021-08-08;1;0,407;Lula;0,3955;0,4184;0,3729;0,4411;2021-12-03
2021-08-15;1;0,406;Lula;0,3945;0,4174;0,3719;0,4401;2021-12-03
2021-08-22;1;0,406;Lula;0,3945;0,4174;0,3719;0,4401;2021-12-03
2021-08-29;1;0,408;Lula;0,3965;0,4194;0,3739;0,4421;2021-12-03
2021-09-05;1;0,409;Lula;0,3975;0,4204;0,3749;0,4431;2021-12-03
2021-09-12;1;0,404;Lula;0,3925;0,4154;0,3699;0,4381;2021-12-03
2021-09-19;1;0,4;Lula;0,3885;0,4114;0,3659;0,4341;2021-12-03
2021-09-26;1;0,415;Lula;0,4035;0,4264;0,3809;0,4491;2021-12-03
2021-10-03;1;0,399;Lula;0,3875;0,4104;0,3649;0,4331;2021-12-03
2021-10-10;1;0,383;Lula;0,3715;0,3944;0,3489;0,4171;2021-12-03
2021-10-17;1;0,383;Lula;0,3715;0,3944;0,3489;0,4171;2021-12-03
2021-10-24;1;0,373;Lula;0,3615;0,3844;0,3389;0,4071;2021-12-03
2021-10-31;1;0,38;Lula;0,3685;0,3914;0,3459;0,4141;2021-12-03
2021-11-07;1;0,399;Lula;0,3875;0,4104;0,3649;0,4331;2021-12-03
2021-11-14;1;0,404;Lula;0,3925;0,4154;0,3699;0,4381;2021-12-03
2021-11-21;1;0,41;Lula;0,3985;0,4214;0,3759;0,4441;2021-12-03
2021-11-28;1;0,419;Lula;0,4075;0,4304;0,3849;0,4531;2021-12-03
2021-12-05;1;0,42;Lula;0,4085;0,4314;0,3859;0,4541;2021-12-03
2021-12-12;1;0,421;Lula;0,4095;0,4324;0,3869;0,4551;2021-12-03
2021-12-19;1;0,423;Lula;0,4115;0,4344;0,3889;0,4571;2021-12-03
2020-09-06;1;0,06;Ciro;0,0485;0,0714;0,0259;0,0941;2021-12-03
2020-09-13;1;0,06;Ciro;0,0485;0,0714;0,0259;0,0941;2021-12-03
2020-09-20;1;0,06;Ciro;0,0485;0,0714;0,0259;0,0941;2021-12-03
2020-09-27;1;0,06;Ciro;0,0485;0,0714;0,0259;0,0941;2021-12-03
2020-10-04;1;0,06;Ciro;0,0485;0,0714;0,0259;0,0941;2021-12-03
2020-10-11;1;0,06;Ciro;0,0485;0,0714;0,0259;0,0941;2021-12-03
2020-10-18;1;0,06;Ciro;0,0485;0,0714;0,0259;0,0941;2021-12-03
2020-10-25;1;0,06;Ciro;0,0485;0,0714;0,0259;0,0941;2021-12-03
2020-11-01;1;0,06;Ciro;0,0485;0,0714;0,0259;0,0941;2021-12-03
2020-11-08;1;0,06;Ciro;0,0485;0,0714;0,0259;0,0941;2021-12-03
2020-11-15;1;0,06;Ciro;0,0485;0,0714;0,0259;0,0941;2021-12-03
2020-11-22;1;0,06;Ciro;0,0485;0,0714;0,0259;0,0941;2021-12-03
2020-11-29;1;0,06;Ciro;0,0485;0,0714;0,0259;0,0941;2021-12-03
2020-12-06;1;0,06;Ciro;0,0485;0,0714;0,0259;0,0941;2021-12-03
2020-12-13;1;0,06;Ciro;0,0485;0,0714;0,0259;0,0941;2021-12-03
2020-12-20;1;0,06;Ciro;0,0485;0,0714;0,0259;0,0941;2021-12-03
2020-12-27;1;0,06;Ciro;0,0485;0,0714;0,0259;0,0941;2021-12-03
2021-01-03;1;0,06;Ciro;0,0485;0,0714;0,0259;0,0941;2021-12-03
2021-01-10;1;0,06;Ciro;0,0485;0,0714;0,0259;0,0941;2021-12-03
2021-01-17;1;0,06;Ciro;0,0485;0,0714;0,0259;0,0941;2021-12-03
2021-01-24;1;0,06;Ciro;0,0485;0,0714;0,0259;0,0941;2021-12-03
2021-01-31;1;0,06;Ciro;0,0485;0,0714;0,0259;0,0941;2021-12-03
2021-02-07;1;0,06;Ciro;0,0485;0,0714;0,0259;0,0941;2021-12-03
2021-02-14;1;0,06;Ciro;0,0485;0,0714;0,0259;0,0941;2021-12-03
2021-02-21;1;0,06;Ciro;0,0485;0,0714;0,0259;0,0941;2021-12-03
2021-02-28;1;0,06;Ciro;0,0485;0,0714;0,0259;0,0941;2021-12-03
2021-03-07;1;0,085;Ciro;0,0735;0,0964;0,0509;0,1191;2021-12-03
2021-03-14;1;0,075;Ciro;0,0635;0,0864;0,0409;0,1091;2021-12-03
2021-03-21;1;0,062;Ciro;0,0505;0,0734;0,0279;0,0961;2021-12-03
2021-03-28;1;0,062;Ciro;0,0505;0,0734;0,0279;0,0961;2021-12-03
2021-04-04;1;0,062;Ciro;0,0505;0,0734;0,0279;0,0961;2021-12-03
2021-04-11;1;0,062;Ciro;0,0505;0,0734;0,0279;0,0961;2021-12-03
2021-04-18;1;0,066;Ciro;0,0545;0,0774;0,0319;0,1001;2021-12-03
2021-04-25;1;0,071;Ciro;0,0595;0,0824;0,0369;0,1051;2021-12-03
2021-05-02;1;0,071;Ciro;0,0595;0,0824;0,0369;0,1051;2021-12-03
2021-05-09;1;0,071;Ciro;0,0595;0,0824;0,0369;0,1051;2021-12-03
2021-05-16;1;0,071;Ciro;0,0595;0,0824;0,0369;0,1051;2021-12-03
2021-05-23;1;0,071;Ciro;0,0595;0,0824;0,0369;0,1051;2021-12-03
2021-05-30;1;0,071;Ciro;0,0595;0,0824;0,0369;0,1051;2021-12-03
2021-06-06;1;0,066;Ciro;0,0545;0,0774;0,0319;0,1001;2021-12-03
2021-06-13;1;0,102;Ciro;0,0905;0,1134;0,0679;0,1361;2021-12-03
2021-06-20;1;0,102;Ciro;0,0905;0,1134;0,0679;0,1361;2021-12-03
2021-06-27;1;0,102;Ciro;0,0905;0,1134;0,0679;0,1361;2021-12-03
2021-07-04;1;0,096;Ciro;0,0845;0,1074;0,0619;0,1301;2021-12-03
2021-07-11;1;0,095;Ciro;0,0835;0,1064;0,0609;0,1291;2021-12-03
2021-07-18;1;0,102;Ciro;0,0905;0,1134;0,0679;0,1361;2021-12-03
2021-07-25;1;0,102;Ciro;0,0905;0,1134;0,0679;0,1361;2021-12-03
2021-08-01;1;0,098;Ciro;0,0865;0,1094;0,0639;0,1321;2021-12-03
2021-08-08;1;0,07;Ciro;0,0585;0,0814;0,0359;0,1041;2021-12-03
2021-08-15;1;0,07;Ciro;0,0585;0,0814;0,0359;0,1041;2021-12-03
2021-08-22;1;0,07;Ciro;0,0585;0,0814;0,0359;0,1041;2021-12-03
2021-08-29;1;0,068;Ciro;0,0565;0,0794;0,0339;0,1021;2021-12-03
2021-09-05;1;0,071;Ciro;0,0595;0,0824;0,0369;0,1051;2021-12-03
2021-09-12;1;0,069;Ciro;0,0575;0,0804;0,0349;0,1031;2021-12-03
2021-09-19;1;0,074;Ciro;0,0625;0,0854;0,0399;0,1081;2021-12-03
2021-09-26;1;0,076;Ciro;0,0645;0,0874;0,0419;0,1101;2021-12-03
2021-10-03;1;0,07;Ciro;0,0585;0,0814;0,0359;0,1041;2021-12-03
2021-10-10;1;0,056;Ciro;0,0445;0,0674;0,0219;0,0901;2021-12-03
2021-10-17;1;0,056;Ciro;0,0445;0,0674;0,0219;0,0901;2021-12-03
2021-10-24;1;0,069;Ciro;0,0575;0,0804;0,0349;0,1031;2021-12-03
2021-10-31;1;0,065;Ciro;0,0535;0,0764;0,0309;0,0991;2021-12-03
2021-11-07;1;0,069;Ciro;0,0575;0,0804;0,0349;0,1031;2021-12-03
2021-11-14;1;0,067;Ciro;0,0555;0,0784;0,0329;0,1011;2021-12-03
2021-11-21;1;0,064;Ciro;0,0525;0,0754;0,0299;0,0981;2021-12-03
2021-11-28;1;0,071;Ciro;0,0595;0,0824;0,0369;0,1051;2021-12-03
2021-12-05;1;0,07;Ciro;0,0585;0,0814;0,0359;0,1041;2021-12-03
2021-12-12;1;0,069;Ciro;0,0575;0,0804;0,0349;0,1031;2021-12-03
2021-12-19;1;0,069;Ciro;0,0575;0,0804;0,0349;0,1031;2021-12-03
2020-09-06;1;0,129;Moro;0,1175;0,1404;0,0949;0,1631;2021-12-03
2020-12-27;1;0,07;Moro;0,0585;0,0814;0,0359;0,1041;2021-12-03
2021-01-03;1;0,07;Moro;0,0585;0,0814;0,0359;0,1041;2021-12-03
2021-01-10;1;0,07;Moro;0,0585;0,0814;0,0359;0,1041;2021-12-03
2021-01-17;1;0,07;Moro;0,0585;0,0814;0,0359;0,1041;2021-12-03
2021-01-24;1;0,07;Moro;0,0585;0,0814;0,0359;0,1041;2021-12-03
2021-01-31;1;0,07;Moro;0,0585;0,0814;0,0359;0,1041;2021-12-03
2021-02-07;1;0,07;Moro;0,0585;0,0814;0,0359;0,1041;2021-12-03
2021-02-14;1;0,07;Moro;0,0585;0,0814;0,0359;0,1041;2021-12-03
2021-02-21;1;0,07;Moro;0,0585;0,0814;0,0359;0,1041;2021-12-03
2021-02-28;1;0,07;Moro;0,0585;0,0814;0,0359;0,1041;2021-12-03
2021-03-07;1;0,093;Moro;0,0815;0,1044;0,0589;0,1271;2021-12-03
2021-03-14;1;0,082;Moro;0,0705;0,0934;0,0479;0,1161;2021-12-03
2021-03-21;1;0,06;Moro;0,0485;0,0714;0,0259;0,0941;2021-12-03
2021-03-28;1;0,06;Moro;0,0485;0,0714;0,0259;0,0941;2021-12-03
2021-04-04;1;0,06;Moro;0,0485;0,0714;0,0259;0,0941;2021-12-03
2021-04-11;1;0,06;Moro;0,0485;0,0714;0,0259;0,0941;2021-12-03
2021-04-18;1;0,03;Moro;0,0185;0,0414;0,001;0,0641;2021-12-03
2021-04-25;1;0,03;Moro;0,0185;0,0414;0,001;0,0641;2021-12-03
2021-05-02;1;0,03;Moro;0,0185;0,0414;0,001;0,0641;2021-12-03
2021-05-09;1;0,03;Moro;0,0185;0,0414;0,001;0,0641;2021-12-03
2021-05-16;1;0,05;Moro;0,0385;0,0614;0,0159;0,0841;2021-12-03
2021-05-23;1;0,05;Moro;0,0385;0,0614;0,0159;0,0841;2021-12-03
2021-05-30;1;0,05;Moro;0,0385;0,0614;0,0159;0,0841;2021-12-03
2021-06-06;1;0,047;Moro;0,0355;0,0584;0,0129;0,0811;2021-12-03
2021-06-13;1;0,052;Moro;0,0405;0,0634;0,0179;0,0861;2021-12-03
2021-06-20;1;0,052;Moro;0,0405;0,0634;0,0179;0,0861;2021-12-03
2021-06-27;1;0,052;Moro;0,0405;0,0634;0,0179;0,0861;2021-12-03
2021-07-04;1;0,052;Moro;0,0405;0,0634;0,0179;0,0861;2021-12-03
2021-07-11;1;0,06;Moro;0,0485;0,0714;0,0259;0,0941;2021-12-03
2021-07-18;1;0,047;Moro;0,0355;0,0584;0,0129;0,0811;2021-12-03
2021-07-25;1;0,047;Moro;0,0355;0,0584;0,0129;0,0811;2021-12-03
2021-08-01;1;0,06;Moro;0,0485;0,0714;0,0259;0,0941;2021-12-03
2021-08-08;1;0,06;Moro;0,0485;0,0714;0,0259;0,0941;2021-12-03
2021-08-15;1;0,06;Moro;0,0485;0,0714;0,0259;0,0941;2021-12-03
2021-08-22;1;0,06;Moro;0,0485;0,0714;0,0259;0,0941;2021-12-03
2021-08-29;1;0,06;Moro;0,0485;0,0714;0,0259;0,0941;2021-12-03
2021-09-05;1;0,06;Moro;0,0485;0,0714;0,0259;0,0941;2021-12-03
2021-09-12;1;0,06;Moro;0,0485;0,0714;0,0259;0,0941;2021-12-03
2021-09-19;1;0,061;Moro;0,0495;0,0724;0,0269;0,0951;2021-12-03
2021-09-26;1;0,052;Moro;0,0405;0,0634;0,0179;0,0861;2021-12-03
2021-10-03;1;0,063;Moro;0,0515;0,0744;0,0289;0,0971;2021-12-03
2021-10-10;1;0,053;Moro;0,0415;0,0644;0,0189;0,0871;2021-12-03
2021-10-17;1;0,066;Moro;0,0545;0,0774;0,0319;0,1001;2021-12-03
2021-10-24;1;0,066;Moro;0,0545;0,0774;0,0319;0,1001;2021-12-03
2021-10-31;1;0,139;Moro;0,1275;0,1504;0,1049;0,1731;2021-12-03
2021-11-07;1;0,129;Moro;0,1175;0,1404;0,0949;0,1631;2021-12-03
2021-11-14;1;0,125;Moro;0,1135;0,1364;0,0909;0,1591;2021-12-03
2021-11-21;1;0,126;Moro;0,1145;0,1374;0,0919;0,1601;2021-12-03
2021-11-28;1;0,131;Moro;0,1195;0,1424;0,0969;0,1651;2021-12-03
2021-12-05;1;0,135;Moro;0,1235;0,1464;0,1009;0,1691;2021-12-03
2021-12-12;1;0,137;Moro;0,1255;0,1484;0,1029;0,1711;2021-12-03
2021-12-19;1;0,141;Moro;0,1295;0,1524;0,1069;0,1751;2021-12-03
2020-09-06;1;0,03;Doria;0,0185;0,0414;0,001;0,0641;2021-12-03
2020-09-13;1;0,03;Doria;0,0185;0,0414;0,001;0,0641;2021-12-03
2020-09-20;1;0,03;Doria;0,0185;0,0414;0,001;0,0641;2021-12-03
2020-09-27;1;0,03;Doria;0,0185;0,0414;0,001;0,0641;2021-12-03
2020-10-04;1;0,03;Doria;0,0185;0,0414;0,001;0,0641;2021-12-03
2020-10-11;1;0,03;Doria;0,0185;0,0414;0,001;0,0641;2021-12-03
2020-10-18;1;0,03;Doria;0,0185;0,0414;0,001;0,0641;2021-12-03
2020-10-25;1;0,03;Doria;0,0185;0,0414;0,001;0,0641;2021-12-03
2020-11-01;1;0,03;Doria;0,0185;0,0414;0,001;0,0641;2021-12-03
2020-11-08;1;0,03;Doria;0,0185;0,0414;0,001;0,0641;2021-12-03
2020-11-15;1;0,03;Doria;0,0185;0,0414;0,001;0,0641;2021-12-03
2020-11-22;1;0,03;Doria;0,0185;0,0414;0,001;0,0641;2021-12-03
2020-11-29;1;0,03;Doria;0,0185;0,0414;0,001;0,0641;2021-12-03
2020-12-06;1;0,03;Doria;0,0185;0,0414;0,001;0,0641;2021-12-03
2020-12-13;1;0,03;Doria;0,0185;0,0414;0,001;0,0641;2021-12-03
2020-12-20;1;0,03;Doria;0,0185;0,0414;0,001;0,0641;2021-12-03
2020-12-27;1;0,03;Doria;0,0185;0,0414;0,001;0,0641;2021-12-03
2021-01-03;1;0,03;Doria;0,0185;0,0414;0,001;0,0641;2021-12-03
2021-01-10;1;0,03;Doria;0,0185;0,0414;0,001;0,0641;2021-12-03
2021-01-17;1;0,03;Doria;0,0185;0,0414;0,001;0,0641;2021-12-03
2021-01-24;1;0,03;Doria;0,0185;0,0414;0,001;0,0641;2021-12-03
2021-01-31;1;0,03;Doria;0,0185;0,0414;0,001;0,0641;2021-12-03
2021-02-07;1;0,03;Doria;0,0185;0,0414;0,001;0,0641;2021-12-03
2021-02-14;1;0,03;Doria;0,0185;0,0414;0,001;0,0641;2021-12-03
2021-02-21;1;0,03;Doria;0,0185;0,0414;0,001;0,0641;2021-12-03
2021-02-28;1;0,03;Doria;0,0185;0,0414;0,001;0,0641;2021-12-03
2021-03-07;1;0,038;Doria;0,0265;0,0494;0,0039;0,0721;2021-12-03
2021-03-14;1;0,036;Doria;0,0245;0,0474;0,0019;0,0701;2021-12-03
2021-03-21;1;0,036;Doria;0,0245;0,0474;0,0019;0,0701;2021-12-03
2021-03-28;1;0,036;Doria;0,0245;0,0474;0,0019;0,0701;2021-12-03
2021-04-04;1;0,036;Doria;0,0245;0,0474;0,0019;0,0701;2021-12-03
2021-04-11;1;0,036;Doria;0,0245;0,0474;0,0019;0,0701;2021-12-03
2021-04-18;1;0,04;Doria;0,0285;0,0514;0,0059;0,0741;2021-12-03
2021-04-25;1;0,041;Doria;0,0295;0,0524;0,0069;0,0751;2021-12-03
2021-05-02;1;0,041;Doria;0,0295;0,0524;0,0069;0,0751;2021-12-03
2021-05-09;1;0,041;Doria;0,0295;0,0524;0,0069;0,0751;2021-12-03
2021-05-16;1;0,039;Doria;0,0275;0,0504;0,0049;0,0731;2021-12-03
2021-05-23;1;0,039;Doria;0,0275;0,0504;0,0049;0,0731;2021-12-03
2021-05-30;1;0,039;Doria;0,0275;0,0504;0,0049;0,0731;2021-12-03
2021-06-06;1;0,038;Doria;0,0265;0,0494;0,0039;0,0721;2021-12-03
2021-06-13;1;0,035;Doria;0,0235;0,0464;0,000900000000000005;0,0691;2021-12-03
2021-06-20;1;0,035;Doria;0,0235;0,0464;0,000900000000000005;0,0691;2021-12-03
2021-06-27;1;0,04;Doria;0,0285;0,0514;0,0059;0,0741;2021-12-03
2021-07-04;1;0,036;Doria;0,0245;0,0474;0,0019;0,0701;2021-12-03
2021-07-11;1;0,042;Doria;0,0305;0,0534;0,0079;0,0761;2021-12-03
2021-07-18;1;0,046;Doria;0,0345;0,0574;0,0119;0,0801;2021-12-03
2021-07-25;1;0,046;Doria;0,0345;0,0574;0,0119;0,0801;2021-12-03
2021-08-01;1;0,043;Doria;0,0315;0,0544;0,0089;0,0771;2021-12-03
2021-08-08;1;0,043;Doria;0,0315;0,0544;0,0089;0,0771;2021-12-03
2021-08-15;1;0,043;Doria;0,0315;0,0544;0,0089;0,0771;2021-12-03
2021-08-22;1;0,045;Doria;0,0335;0,0564;0,0109;0,0791;2021-12-03
2021-08-29;1;0,046;Doria;0,0345;0,0574;0,0119;0,0801;2021-12-03
2021-09-05;1;0,042;Doria;0,0305;0,0534;0,0079;0,0761;2021-12-03
2021-09-12;1;0,044;Doria;0,0325;0,0554;0,0099;0,0781;2021-12-03
2021-09-19;1;0,043;Doria;0,0315;0,0544;0,0089;0,0771;2021-12-03
2021-09-26;1;0,038;Doria;0,0265;0,0494;0,0039;0,0721;2021-12-03
2021-10-03;1;0,038;Doria;0,0265;0,0494;0,0039;0,0721;2021-12-03
2021-10-10;1;0,028;Doria;0,0165;0,0394;0,001;0,0621;2021-12-03
2021-10-17;1;0,028;Doria;0,0165;0,0394;0,001;0,0621;2021-12-03
2021-10-24;1;0,028;Doria;0,0165;0,0394;0,001;0,0621;2021-12-03
2021-10-31;1;0,04;Doria;0,0285;0,0514;0,0059;0,0741;2021-12-03
2021-11-07;1;0,028;Doria;0,0165;0,0394;0,001;0,0621;2021-12-03
2021-11-14;1;0,028;Doria;0,0165;0,0394;0,001;0,0621;2021-12-03
2021-11-21;1;0,031;Doria;0,0195;0,0424;0,001;0,0651;2021-12-03
2021-11-28;1;0,032;Doria;0,0205;0,0434;0,001;0,0661;2021-12-03
2021-12-05;1;0,031;Doria;0,0195;0,0424;0,001;0,0651;2021-12-03
2021-12-12;1;0,029;Doria;0,0175;0,0404;0,001;0,0631;2021-12-03
2021-12-19;1;0,03;Doria;0,0185;0,0414;0,001;0,0641;2021-12-03
2021-07-11;1;0,033;Eduardo Leite;0,0215;0,0444;0,001;0,0671;2021-12-03
2021-07-18;1;0,03;Eduardo Leite;0,0185;0,0414;0,001;0,0641;2021-12-03
2021-07-25;1;0,03;Eduardo Leite;0,0185;0,0414;0,001;0,0641;2021-12-03
2021-08-01;1;0,028;Eduardo Leite;0,0165;0,0394;0,001;0,0621;2021-12-03
2021-08-08;1;0,028;Eduardo Leite;0,0165;0,0394;0,001;0,0621;2021-12-03
2021-08-15;1;0,028;Eduardo Leite;0,0165;0,0394;0,001;0,0621;2021-12-03
2021-08-22;1;0,027;Eduardo Leite;0,0155;0,0384;0,001;0,0611;2021-12-03
2021-08-29;1;0,023;Eduardo Leite;0,0115;0,0344;0,001;0,0571;2021-12-03
2021-09-05;1;0,021;Eduardo Leite;0,0095;0,0324;0,001;0,0551;2021-12-03
2021-09-12;1;0,019;Eduardo Leite;0,0075;0,0304;0,001;0,0531;2021-12-03
2021-09-19;1;0,025;Eduardo Leite;0,0135;0,0364;0,001;0,0591;2021-12-03
2021-09-26;1;0,017;Eduardo Leite;0,0055;0,0284;0,001;0,0511;2021-12-03
2021-10-03;1;0,026;Eduardo Leite;0,0145;0,0374;0,001;0,0601;2021-12-03
2021-10-10;1;0,014;Eduardo Leite;0,0025;0,0254;0,001;0,0481;2021-12-03
2021-10-17;1;0,014;Eduardo Leite;0,0025;0,0254;0,001;0,0481;2021-12-03
2021-10-24;1;0,03;Eduardo Leite;0,0185;0,0414;0,001;0,0641;2021-12-03
2021-10-31;1;0,03;Eduardo Leite;0,0185;0,0414;0,001;0,0641;2021-12-03
2021-11-07;1;0,015;Eduardo Leite;0,0035;0,0264;0,001;0,0491;2021-12-03
2021-11-14;1;0,014;Eduardo Leite;0,0025;0,0254;0,001;0,0481;2021-12-03
2021-11-21;1;0,015;Eduardo Leite;0,0035;0,0264;0,001;0,0491;2021-12-03
2021-11-28;1;0,018;Eduardo Leite;0,0065;0,0294;0,001;0,0521;2021-12-03
2021-12-05;1;0,025;Eduardo Leite;0,0135;0,0364;0,001;0,0591;2021-12-03
2021-12-12;1;0,024;Eduardo Leite;0,0125;0,0354;0,001;0,0581;2021-12-03
2021-12-19;1;0,026;Eduardo Leite;0,0145;0,0374;0,001;0,0601;2021-12-03
2020-09-06;1;0,04;Henrique Mandetta;0,0285;0,0514;0,0059;0,0741;2021-12-03
2020-09-13;1;0,04;Henrique Mandetta;0,0285;0,0514;0,0059;0,0741;2021-12-03
2020-09-20;1;0,04;Henrique Mandetta;0,0285;0,0514;0,0059;0,0741;2021-12-03
2020-09-27;1;0,04;Henrique Mandetta;0,0285;0,0514;0,0059;0,0741;2021-12-03
2020-10-04;1;0,04;Henrique Mandetta;0,0285;0,0514;0,0059;0,0741;2021-12-03
2020-10-11;1;0,04;Henrique Mandetta;0,0285;0,0514;0,0059;0,0741;2021-12-03
2020-10-18;1;0,04;Henrique Mandetta;0,0285;0,0514;0,0059;0,0741;2021-12-03
2020-10-25;1;0,04;Henrique Mandetta;0,0285;0,0514;0,0059;0,0741;2021-12-03
2020-11-01;1;0,04;Henrique Mandetta;0,0285;0,0514;0,0059;0,0741;2021-12-03
2020-11-08;1;0,04;Henrique Mandetta;0,0285;0,0514;0,0059;0,0741;2021-12-03
2020-11-15;1;0,04;Henrique Mandetta;0,0285;0,0514;0,0059;0,0741;2021-12-03
2020-11-22;1;0,04;Henrique Mandetta;0,0285;0,0514;0,0059;0,0741;2021-12-03
2020-11-29;1;0,04;Henrique Mandetta;0,0285;0,0514;0,0059;0,0741;2021-12-03
2020-12-06;1;0,04;Henrique Mandetta;0,0285;0,0514;0,0059;0,0741;2021-12-03
2020-12-13;1;0,04;Henrique Mandetta;0,0285;0,0514;0,0059;0,0741;2021-12-03
2020-12-20;1;0,039;Henrique Mandetta;0,0275;0,0504;0,0049;0,0731;2021-12-03
2020-12-27;1;0,022;Henrique Mandetta;0,0105;0,0334;0,001;0,0561;2021-12-03
2021-01-03;1;0,021;Henrique Mandetta;0,0095;0,0324;0,001;0,0551;2021-12-03
2021-01-10;1;0,021;Henrique Mandetta;0,0095;0,0324;0,001;0,0551;2021-12-03
2021-01-17;1;0,021;Henrique Mandetta;0,0095;0,0324;0,001;0,0551;2021-12-03
2021-01-24;1;0,021;Henrique Mandetta;0,0095;0,0324;0,001;0,0551;2021-12-03
2021-01-31;1;0,022;Henrique Mandetta;0,0105;0,0334;0,001;0,0561;2021-12-03
2021-02-07;1;0,022;Henrique Mandetta;0,0105;0,0334;0,001;0,0561;2021-12-03
2021-02-14;1;0,021;Henrique Mandetta;0,0095;0,0324;0,001;0,0551;2021-12-03
2021-02-21;1;0,021;Henrique Mandetta;0,0095;0,0324;0,001;0,0551;2021-12-03
2021-02-28;1;0,022;Henrique Mandetta;0,0105;0,0334;0,001;0,0561;2021-12-03
2021-03-07;1;0,022;Henrique Mandetta;0,0105;0,0334;0,001;0,0561;2021-12-03
2021-03-14;1;0,033;Henrique Mandetta;0,0215;0,0444;0,001;0,0671;2021-12-03
2021-03-21;1;0,035;Henrique Mandetta;0,0235;0,0464;0,000900000000000005;0,0691;2021-12-03
2021-03-28;1;0,035;Henrique Mandetta;0,0235;0,0464;0,000900000000000005;0,0691;2021-12-03
2021-04-04;1;0,035;Henrique Mandetta;0,0235;0,0464;0,000900000000000005;0,0691;2021-12-03
2021-04-11;1;0,035;Henrique Mandetta;0,0235;0,0464;0,000900000000000005;0,0691;2021-12-03
2021-04-18;1;0,035;Henrique Mandetta;0,0235;0,0464;0,000900000000000005;0,0691;2021-12-03
2021-04-25;1;0,034;Henrique Mandetta;0,0225;0,0454;0,001;0,0681;2021-12-03
2021-05-02;1;0,034;Henrique Mandetta;0,0225;0,0454;0,001;0,0681;2021-12-03
2021-05-09;1;0,034;Henrique Mandetta;0,0225;0,0454;0,001;0,0681;2021-12-03
2021-05-16;1;0,034;Henrique Mandetta;0,0225;0,0454;0,001;0,0681;2021-12-03
2021-05-23;1;0,034;Henrique Mandetta;0,0225;0,0454;0,001;0,0681;2021-12-03
2021-05-30;1;0,034;Henrique Mandetta;0,0225;0,0454;0,001;0,0681;2021-12-03
2021-06-06;1;0,031;Henrique Mandetta;0,0195;0,0424;0,001;0,0651;2021-12-03
2021-06-13;1;0,033;Henrique Mandetta;0,0215;0,0444;0,001;0,0671;2021-12-03
2021-06-20;1;0,033;Henrique Mandetta;0,0215;0,0444;0,001;0,0671;2021-12-03
2021-06-27;1;0,035;Henrique Mandetta;0,0235;0,0464;0,000900000000000005;0,0691;2021-12-03
2021-07-04;1;0,031;Henrique Mandetta;0,0195;0,0424;0,001;0,0651;2021-12-03
2021-07-11;1;0,031;Henrique Mandetta;0,0195;0,0424;0,001;0,0651;2021-12-03
2021-07-18;1;0,033;Henrique Mandetta;0,0215;0,0444;0,001;0,0671;2021-12-03
2021-07-25;1;0,033;Henrique Mandetta;0,0215;0,0444;0,001;0,0671;2021-12-03
2021-08-01;1;0,03;Henrique Mandetta;0,0185;0,0414;0,001;0,0641;2021-12-03
2021-08-08;1;0,031;Henrique Mandetta;0,0195;0,0424;0,001;0,0651;2021-12-03
2021-08-15;1;0,031;Henrique Mandetta;0,0195;0,0424;0,001;0,0651;2021-12-03
2021-08-22;1;0,03;Henrique Mandetta;0,0185;0,0414;0,001;0,0641;2021-12-03
2021-08-29;1;0,028;Henrique Mandetta;0,0165;0,0394;0,001;0,0621;2021-12-03
2021-09-05;1;0,03;Henrique Mandetta;0,0185;0,0414;0,001;0,0641;2021-12-03
2021-09-12;1;0,032;Henrique Mandetta;0,0205;0,0434;0,001;0,0661;2021-12-03
2021-09-19;1;0,03;Henrique Mandetta;0,0185;0,0414;0,001;0,0641;2021-12-03
2021-09-26;1;0,028;Henrique Mandetta;0,0165;0,0394;0,001;0,0621;2021-12-03
2021-10-03;1;0,035;Henrique Mandetta;0,0235;0,0464;0,000900000000000005;0,0691;2021-12-03
2021-10-10;1;0,025;Henrique Mandetta;0,0135;0,0364;0,001;0,0591;2021-12-03
2021-10-17;1;0,024;Henrique Mandetta;0,0125;0,0354;0,001;0,0581;2021-12-03
2021-10-24;1;0,025;Henrique Mandetta;0,0135;0,0364;0,001;0,0591;2021-12-03
2021-10-31;1;0,04;Henrique Mandetta;0,0285;0,0514;0,0059;0,0741;2021-12-03
2021-11-07;1;0,03;Henrique Mandetta;0,0185;0,0414;0,001;0,0641;2021-12-03
2021-11-14;1;0,025;Henrique Mandetta;0,0135;0,0364;0,001;0,0591;2021-12-03
2021-11-21;1;0,024;Henrique Mandetta;0,0125;0,0354;0,001;0,0581;2021-12-03
2021-11-28;1;0,025;Henrique Mandetta;0,0135;0,0364;0,001;0,0591;2021-12-03
2021-12-05;1;0,026;Henrique Mandetta;0,0145;0,0374;0,001;0,0601;2021-12-03
2021-12-12;1;0,024;Henrique Mandetta;0,0125;0,0354;0,001;0,0581;2021-12-03
2021-12-19;1;0,025;Henrique Mandetta;0,0135;0,0364;0,001;0,0591;2021-12-03
2020-09-06;1;0,07;Indecisos;0,0585;0,0814;0,0359;0,1041;2021-12-03
2020-09-13;1;0,07;Indecisos;0,0585;0,0814;0,0359;0,1041;2021-12-03
2020-09-20;1;0,07;Indecisos;0,0585;0,0814;0,0359;0,1041;2021-12-03
2020-09-27;1;0,07;Indecisos;0,0585;0,0814;0,0359;0,1041;2021-12-03
2020-10-04;1;0,07;Indecisos;0,0585;0,0814;0,0359;0,1041;2021-12-03
2020-10-11;1;0,07;Indecisos;0,0585;0,0814;0,0359;0,1041;2021-12-03
2020-10-18;1;0,07;Indecisos;0,0585;0,0814;0,0359;0,1041;2021-12-03
2020-10-25;1;0,07;Indecisos;0,0585;0,0814;0,0359;0,1041;2021-12-03
2020-11-01;1;0,07;Indecisos;0,0585;0,0814;0,0359;0,1041;2021-12-03
2020-11-08;1;0,07;Indecisos;0,0585;0,0814;0,0359;0,1041;2021-12-03
2020-11-15;1;0,07;Indecisos;0,0585;0,0814;0,0359;0,1041;2021-12-03
2020-11-22;1;0,07;Indecisos;0,0585;0,0814;0,0359;0,1041;2021-12-03
2020-11-29;1;0,07;Indecisos;0,0585;0,0814;0,0359;0,1041;2021-12-03
2020-12-06;1;0,07;Indecisos;0,0585;0,0814;0,0359;0,1041;2021-12-03
2020-12-13;1;0,07;Indecisos;0,0585;0,0814;0,0359;0,1041;2021-12-03
2020-12-20;1;0,07;Indecisos;0,0585;0,0814;0,0359;0,1041;2021-12-03
2020-12-27;1;0,061;Indecisos;0,0495;0,0724;0,0269;0,0951;2021-12-03
2021-01-03;1;0,061;Indecisos;0,0495;0,0724;0,0269;0,0951;2021-12-03
2021-01-10;1;0,061;Indecisos;0,0495;0,0724;0,0269;0,0951;2021-12-03
2021-01-17;1;0,061;Indecisos;0,0495;0,0724;0,0269;0,0951;2021-12-03
2021-01-24;1;0,061;Indecisos;0,0495;0,0724;0,0269;0,0951;2021-12-03
2021-01-31;1;0,061;Indecisos;0,0495;0,0724;0,0269;0,0951;2021-12-03
2021-02-07;1;0,061;Indecisos;0,0495;0,0724;0,0269;0,0951;2021-12-03
2021-02-14;1;0,061;Indecisos;0,0495;0,0724;0,0269;0,0951;2021-12-03
2021-02-21;1;0,061;Indecisos;0,0495;0,0724;0,0269;0,0951;2021-12-03
2021-02-28;1;0,061;Indecisos;0,0495;0,0724;0,0269;0,0951;2021-12-03
2021-03-07;1;0,055;Indecisos;0,0435;0,0664;0,0209;0,0891;2021-12-03
2021-03-14;1;0,061;Indecisos;0,0495;0,0724;0,0269;0,0951;2021-12-03
2021-03-21;1;0,045;Indecisos;0,0335;0,0564;0,0109;0,0791;2021-12-03
2021-03-28;1;0,045;Indecisos;0,0335;0,0564;0,0109;0,0791;2021-12-03
2021-04-04;1;0,045;Indecisos;0,0335;0,0564;0,0109;0,0791;2021-12-03
2021-04-11;1;0,045;Indecisos;0,0335;0,0564;0,0109;0,0791;2021-12-03
2021-04-18;1;0,037;Indecisos;0,0255;0,0484;0,0029;0,0711;2021-12-03
2021-04-25;1;0,031;Indecisos;0,0195;0,0424;0,001;0,0651;2021-12-03
2021-05-02;1;0,031;Indecisos;0,0195;0,0424;0,001;0,0651;2021-12-03
2021-05-09;1;0,031;Indecisos;0,0195;0,0424;0,001;0,0651;2021-12-03
2021-05-16;1;0,036;Indecisos;0,0245;0,0474;0,0019;0,0701;2021-12-03
2021-05-23;1;0,036;Indecisos;0,0245;0,0474;0,0019;0,0701;2021-12-03
2021-05-30;1;0,036;Indecisos;0,0245;0,0474;0,0019;0,0701;2021-12-03
2021-06-06;1;0,036;Indecisos;0,0245;0,0474;0,0019;0,0701;2021-12-03
2021-06-13;1;0,05;Indecisos;0,0385;0,0614;0,0159;0,0841;2021-12-03
2021-06-20;1;0,05;Indecisos;0,0385;0,0614;0,0159;0,0841;2021-12-03
2021-06-27;1;0,048;Indecisos;0,0365;0,0594;0,0139;0,0821;2021-12-03
2021-07-04;1;0,04;Indecisos;0,0285;0,0514;0,0059;0,0741;2021-12-03
2021-07-11;1;0,038;Indecisos;0,0265;0,0494;0,0039;0,0721;2021-12-03
2021-07-18;1;0,03;Indecisos;0,0185;0,0414;0,001;0,0641;2021-12-03
2021-07-25;1;0,03;Indecisos;0,0185;0,0414;0,001;0,0641;2021-12-03
2021-08-01;1;0,045;Indecisos;0,0335;0,0564;0,0109;0,0791;2021-12-03
2021-08-08;1;0,048;Indecisos;0,0365;0,0594;0,0139;0,0821;2021-12-03
2021-08-15;1;0,048;Indecisos;0,0365;0,0594;0,0139;0,0821;2021-12-03
2021-08-22;1;0,047;Indecisos;0,0355;0,0584;0,0129;0,0811;2021-12-03
2021-08-29;1;0,047;Indecisos;0,0355;0,0584;0,0129;0,0811;2021-12-03
2021-09-05;1;0,043;Indecisos;0,0315;0,0544;0,0089;0,0771;2021-12-03
2021-09-12;1;0,043;Indecisos;0,0315;0,0544;0,0089;0,0771;2021-12-03
2021-09-19;1;0,042;Indecisos;0,0305;0,0534;0,0079;0,0761;2021-12-03
2021-09-26;1;0,049;Indecisos;0,0375;0,0604;0,0149;0,0831;2021-12-03
2021-10-03;1;0,048;Indecisos;0,0365;0,0594;0,0139;0,0821;2021-12-03
2021-10-10;1;0,028;Indecisos;0,0165;0,0394;0,001;0,0621;2021-12-03
2021-10-17;1;0,027;Indecisos;0,0155;0,0384;0,001;0,0611;2021-12-03
2021-10-24;1;0,019;Indecisos;0,0075;0,0304;0,001;0,0531;2021-12-03
2021-10-31;1;0,02;Indecisos;0,0085;0,0314;0,001;0,0541;2021-12-03
2021-11-07;1;0,02;Indecisos;0,0085;0,0314;0,001;0,0541;2021-12-03
2021-11-14;1;0,02;Indecisos;0,0085;0,0314;0,001;0,0541;2021-12-03
2021-11-21;1;0,025;Indecisos;0,0135;0,0364;0,001;0,0591;2021-12-03
2021-11-28;1;0,036;Indecisos;0,0245;0,0474;0,0019;0,0701;2021-12-03
2021-12-05;1;0,039;Indecisos;0,0275;0,0504;0,0049;0,0731;2021-12-03
2021-12-12;1;0,041;Indecisos;0,0295;0,0524;0,0069;0,0751;2021-12-03
2021-12-19;1;0,042;Indecisos;0,0305;0,0534;0,0079;0,0761;2021-12-03
2020-09-06;1;0,07;Branco/Nulo;0,0585;0,0814;0,0359;0,1041;2021-12-03
2020-09-13;1;0,07;Branco/Nulo;0,0585;0,0814;0,0359;0,1041;2021-12-03
2020-09-20;1;0,07;Branco/Nulo;0,0585;0,0814;0,0359;0,1041;2021-12-03
2020-09-27;1;0,07;Branco/Nulo;0,0585;0,0814;0,0359;0,1041;2021-12-03
2020-10-04;1;0,07;Branco/Nulo;0,0585;0,0814;0,0359;0,1041;2021-12-03
2020-10-11;1;0,07;Branco/Nulo;0,0585;0,0814;0,0359;0,1041;2021-12-03
2020-10-18;1;0,07;Branco/Nulo;0,0585;0,0814;0,0359;0,1041;2021-12-03
2020-10-25;1;0,07;Branco/Nulo;0,0585;0,0814;0,0359;0,1041;2021-12-03
2020-11-01;1;0,07;Branco/Nulo;0,0585;0,0814;0,0359;0,1041;2021-12-03
2020-11-08;1;0,07;Branco/Nulo;0,0585;0,0814;0,0359;0,1041;2021-12-03
2020-11-15;1;0,07;Branco/Nulo;0,0585;0,0814;0,0359;0,1041;2021-12-03
2020-11-22;1;0,069;Branco/Nulo;0,0575;0,0804;0,0349;0,1031;2021-12-03
2020-11-29;1;0,07;Branco/Nulo;0,0585;0,0814;0,0359;0,1041;2021-12-03
2020-12-06;1;0,07;Branco/Nulo;0,0585;0,0814;0,0359;0,1041;2021-12-03
2020-12-13;1;0,07;Branco/Nulo;0,0585;0,0814;0,0359;0,1041;2021-12-03
2020-12-20;1;0,069;Branco/Nulo;0,0575;0,0804;0,0349;0,1031;2021-12-03
2020-12-27;1;0,067;Branco/Nulo;0,0555;0,0784;0,0329;0,1011;2021-12-03
2021-01-03;1;0,067;Branco/Nulo;0,0555;0,0784;0,0329;0,1011;2021-12-03
2021-01-10;1;0,067;Branco/Nulo;0,0555;0,0784;0,0329;0,1011;2021-12-03
2021-01-17;1;0,067;Branco/Nulo;0,0555;0,0784;0,0329;0,1011;2021-12-03
2021-01-24;1;0,067;Branco/Nulo;0,0555;0,0784;0,0329;0,1011;2021-12-03
2021-01-31;1;0,067;Branco/Nulo;0,0555;0,0784;0,0329;0,1011;2021-12-03
2021-02-07;1;0,067;Branco/Nulo;0,0555;0,0784;0,0329;0,1011;2021-12-03
2021-02-14;1;0,067;Branco/Nulo;0,0555;0,0784;0,0329;0,1011;2021-12-03
2021-02-21;1;0,067;Branco/Nulo;0,0555;0,0784;0,0329;0,1011;2021-12-03
2021-02-28;1;0,067;Branco/Nulo;0,0555;0,0784;0,0329;0,1011;2021-12-03
2021-03-07;1;0,086;Branco/Nulo;0,0745;0,0974;0,0519;0,1201;2021-12-03
2021-03-14;1;0,065;Branco/Nulo;0,0535;0,0764;0,0309;0,0991;2021-12-03
2021-03-21;1;0,077;Branco/Nulo;0,0655;0,0884;0,0429;0,1111;2021-12-03
2021-03-28;1;0,077;Branco/Nulo;0,0655;0,0884;0,0429;0,1111;2021-12-03
2021-04-04;1;0,077;Branco/Nulo;0,0655;0,0884;0,0429;0,1111;2021-12-03
2021-04-11;1;0,076;Branco/Nulo;0,0645;0,0874;0,0419;0,1101;2021-12-03
2021-04-18;1;0,064;Branco/Nulo;0,0525;0,0754;0,0299;0,0981;2021-12-03
2021-04-25;1;0,06;Branco/Nulo;0,0485;0,0714;0,0259;0,0941;2021-12-03
2021-05-02;1;0,06;Branco/Nulo;0,0485;0,0714;0,0259;0,0941;2021-12-03
2021-05-09;1;0,06;Branco/Nulo;0,0485;0,0714;0,0259;0,0941;2021-12-03
2021-05-16;1;0,071;Branco/Nulo;0,0595;0,0824;0,0369;0,1051;2021-12-03
2021-05-23;1;0,071;Branco/Nulo;0,0595;0,0824;0,0369;0,1051;2021-12-03
2021-05-30;1;0,071;Branco/Nulo;0,0595;0,0824;0,0369;0,1051;2021-12-03
2021-06-06;1;0,101;Branco/Nulo;0,0895;0,1124;0,0669;0,1351;2021-12-03
2021-06-13;1;0,099;Branco/Nulo;0,0875;0,1104;0,0649;0,1331;2021-12-03
2021-06-20;1;0,099;Branco/Nulo;0,0875;0,1104;0,0649;0,1331;2021-12-03
2021-06-27;1;0,097;Branco/Nulo;0,0855;0,1084;0,0629;0,1311;2021-12-03
2021-07-04;1;0,108;Branco/Nulo;0,0965;0,1194;0,0739;0,1421;2021-12-03
2021-07-11;1;0,1;Branco/Nulo;0,0885;0,1114;0,0659;0,1341;2021-12-03
2021-07-18;1;0,107;Branco/Nulo;0,0955;0,1184;0,0729;0,1411;2021-12-03
2021-07-25;1;0,107;Branco/Nulo;0,0955;0,1184;0,0729;0,1411;2021-12-03
2021-08-01;1;0,09;Branco/Nulo;0,0785;0,1014;0,0559;0,1241;2021-12-03
2021-08-08;1;0,085;Branco/Nulo;0,0735;0,0964;0,0509;0,1191;2021-12-03
2021-08-15;1;0,085;Branco/Nulo;0,0735;0,0964;0,0509;0,1191;2021-12-03
2021-08-22;1;0,085;Branco/Nulo;0,0735;0,0964;0,0509;0,1191;2021-12-03
2021-08-29;1;0,085;Branco/Nulo;0,0735;0,0964;0,0509;0,1191;2021-12-03
2021-09-05;1;0,086;Branco/Nulo;0,0745;0,0974;0,0519;0,1201;2021-12-03
2021-09-12;1;0,095;Branco/Nulo;0,0835;0,1064;0,0609;0,1291;2021-12-03
2021-09-19;1;0,097;Branco/Nulo;0,0855;0,1084;0,0629;0,1311;2021-12-03
2021-09-26;1;0,084;Branco/Nulo;0,0725;0,0954;0,0499;0,1181;2021-12-03
2021-10-03;1;0,063;Branco/Nulo;0,0515;0,0744;0,0289;0,0971;2021-12-03
2021-10-10;1;0,08;Branco/Nulo;0,0685;0,0914;0,0459;0,1141;2021-12-03
2021-10-17;1;0,08;Branco/Nulo;0,0685;0,0914;0,0459;0,1141;2021-12-03
2021-10-24;1;0,083;Branco/Nulo;0,0715;0,0944;0,0489;0,1171;2021-12-03
2021-10-31;1;0,07;Branco/Nulo;0,0585;0,0814;0,0359;0,1041;2021-12-03
2021-11-07;1;0,083;Branco/Nulo;0,0715;0,0944;0,0489;0,1171;2021-12-03
2021-11-14;1;0,074;Branco/Nulo;0,0625;0,0854;0,0399;0,1081;2021-12-03
2021-11-21;1;0,072;Branco/Nulo;0,0605;0,0834;0,0379;0,1061;2021-12-03
2021-11-28;1;0,071;Branco/Nulo;0,0595;0,0824;0,0369;0,1051;2021-12-03
2021-12-05;1;0,069;Branco/Nulo;0,0575;0,0804;0,0349;0,1031;2021-12-03
2021-12-12;1;0,065;Branco/Nulo;0,0535;0,0764;0,0309;0,0991;2021-12-03
2021-12-19;1;0,063;Branco/Nulo;0,0515;0,0744;0,0289;0,0971;2021-12-03
2020-09-06;2;0,419;Bolsonaro;0,4075;0,4304;0,3849;0,4531;2021-12-03
2020-09-13;2;0,419;Bolsonaro;0,4075;0,4304;0,3849;0,4531;2021-12-03
2020-09-20;2;0,419;Bolsonaro;0,4075;0,4304;0,3849;0,4531;2021-12-03
2020-09-27;2;0,419;Bolsonaro;0,4075;0,4304;0,3849;0,4531;2021-12-03
2020-10-04;2;0,419;Bolsonaro;0,4075;0,4304;0,3849;0,4531;2021-12-03
2020-10-11;2;0,419;Bolsonaro;0,4075;0,4304;0,3849;0,4531;2021-12-03
2020-10-18;2;0,42;Bolsonaro;0,4085;0,4314;0,3859;0,4541;2021-12-03
2020-10-25;2;0,419;Bolsonaro;0,4075;0,4304;0,3849;0,4531;2021-12-03
2020-11-01;2;0,419;Bolsonaro;0,4075;0,4304;0,3849;0,4531;2021-12-03
2020-11-08;2;0,419;Bolsonaro;0,4075;0,4304;0,3849;0,4531;2021-12-03
2020-11-15;2;0,419;Bolsonaro;0,4075;0,4304;0,3849;0,4531;2021-12-03
2020-11-22;2;0,42;Bolsonaro;0,4085;0,4314;0,3859;0,4541;2021-12-03
2020-11-29;2;0,419;Bolsonaro;0,4075;0,4304;0,3849;0,4531;2021-12-03
2020-12-06;2;0,419;Bolsonaro;0,4075;0,4304;0,3849;0,4531;2021-12-03
2020-12-13;2;0,42;Bolsonaro;0,4085;0,4314;0,3859;0,4541;2021-12-03
2020-12-20;2;0,419;Bolsonaro;0,4075;0,4304;0,3849;0,4531;2021-12-03
2020-12-27;2;0,42;Bolsonaro;0,4085;0,4314;0,3859;0,4541;2021-12-03
2021-01-03;2;0,419;Bolsonaro;0,4075;0,4304;0,3849;0,4531;2021-12-03
2021-01-10;2;0,419;Bolsonaro;0,4075;0,4304;0,3849;0,4531;2021-12-03
2021-01-17;2;0,419;Bolsonaro;0,4075;0,4304;0,3849;0,4531;2021-12-03
2021-01-24;2;0,42;Bolsonaro;0,4085;0,4314;0,3859;0,4541;2021-12-03
2021-01-31;2;0,419;Bolsonaro;0,4075;0,4304;0,3849;0,4531;2021-12-03
2021-02-07;2;0,419;Bolsonaro;0,4075;0,4304;0,3849;0,4531;2021-12-03
2021-02-14;2;0,419;Bolsonaro;0,4075;0,4304;0,3849;0,4531;2021-12-03
2021-02-21;2;0,419;Bolsonaro;0,4075;0,4304;0,3849;0,4531;2021-12-03
2021-02-28;2;0,42;Bolsonaro;0,4085;0,4314;0,3859;0,4541;2021-12-03
2021-03-07;2;0,419;Bolsonaro;0,4075;0,4304;0,3849;0,4531;2021-12-03
2021-03-14;2;0,402;Bolsonaro;0,3905;0,4134;0,3679;0,4361;2021-12-03
2021-03-21;2;0,389;Bolsonaro;0,3775;0,4004;0,3549;0,4231;2021-12-03
2021-03-28;2;0,389;Bolsonaro;0,3775;0,4004;0,3549;0,4231;2021-12-03
2021-04-04;2;0,389;Bolsonaro;0,3775;0,4004;0,3549;0,4231;2021-12-03
2021-04-11;2;0,389;Bolsonaro;0,3775;0,4004;0,3549;0,4231;2021-12-03
2021-04-18;2;0,381;Bolsonaro;0,3695;0,3924;0,3469;0,4151;2021-12-03
2021-04-25;2;0,381;Bolsonaro;0,3695;0,3924;0,3469;0,4151;2021-12-03
2021-05-02;2;0,381;Bolsonaro;0,3695;0,3924;0,3469;0,4151;2021-12-03
2021-05-09;2;0,381;Bolsonaro;0,3695;0,3924;0,3469;0,4151;2021-12-03
2021-05-16;2;0,381;Bolsonaro;0,3695;0,3924;0,3469;0,4151;2021-12-03
2021-05-23;2;0,381;Bolsonaro;0,3695;0,3924;0,3469;0,4151;2021-12-03
2021-05-30;2;0,381;Bolsonaro;0,3695;0,3924;0,3469;0,4151;2021-12-03
2021-06-06;2;0,374;Bolsonaro;0,3625;0,3854;0,3399;0,4081;2021-12-03
2021-06-13;2;0,384;Bolsonaro;0,3725;0,3954;0,3499;0,4181;2021-12-03
2021-06-20;2;0,384;Bolsonaro;0,3725;0,3954;0,3499;0,4181;2021-12-03
2021-06-27;2;0,38;Bolsonaro;0,3685;0,3914;0,3459;0,4141;2021-12-03
2021-07-04;2;0,372;Bolsonaro;0,3605;0,3834;0,3379;0,4061;2021-12-03
2021-07-11;2;0,352;Bolsonaro;0,3405;0,3634;0,3179;0,3861;2021-12-03
2021-07-18;2;0,342;Bolsonaro;0,3305;0,3534;0,3079;0,3761;2021-12-03
2021-07-25;2;0,342;Bolsonaro;0,3305;0,3534;0,3079;0,3761;2021-12-03
2021-08-01;2;0,335;Bolsonaro;0,3235;0,3464;0,3009;0,3691;2021-12-03
2021-08-08;2;0,321;Bolsonaro;0,3095;0,3324;0,2869;0,3551;2021-12-03
2021-08-15;2;0,321;Bolsonaro;0,3095;0,3324;0,2869;0,3551;2021-12-03
2021-08-22;2;0,336;Bolsonaro;0,3245;0,3474;0,3019;0,3701;2021-12-03
2021-08-29;2;0,329;Bolsonaro;0,3175;0,3404;0,2949;0,3631;2021-12-03
2021-09-05;2;0,324;Bolsonaro;0,3125;0,3354;0,2899;0,3581;2021-12-03
2021-09-12;2;0,324;Bolsonaro;0,3125;0,3354;0,2899;0,3581;2021-12-03
2021-09-19;2;0,325;Bolsonaro;0,3135;0,3364;0,2909;0,3591;2021-12-03
2021-09-26;2;0,328;Bolsonaro;0,3165;0,3394;0,2939;0,3621;2021-12-03
2021-10-03;2;0,325;Bolsonaro;0,3135;0,3364;0,2909;0,3591;2021-12-03
2021-10-10;2;0,342;Bolsonaro;0,3305;0,3534;0,3079;0,3761;2021-12-03
2021-10-17;2;0,342;Bolsonaro;0,3305;0,3534;0,3079;0,3761;2021-12-03
2021-10-24;2;0,336;Bolsonaro;0,3245;0,3474;0,3019;0,3701;2021-12-03
2021-10-31;2;0,37;Bolsonaro;0,3585;0,3814;0,3359;0,4041;2021-12-03
2021-11-07;2;0,342;Bolsonaro;0,3305;0,3534;0,3079;0,3761;2021-12-03
2021-11-14;2;0,342;Bolsonaro;0,3305;0,3534;0,3079;0,3761;2021-12-03
2021-11-21;2;0,322;Bolsonaro;0,3105;0,3334;0,2879;0,3561;2021-12-03
2021-11-28;2;0,333;Bolsonaro;0,3215;0,3444;0,2989;0,3671;2021-12-03
2021-12-05;2;0,335;Bolsonaro;0,3235;0,3464;0,3009;0,3691;2021-12-03
2021-12-12;2;0,339;Bolsonaro;0,3275;0,3504;0,3049;0,3731;2021-12-03
2021-12-19;2;0,341;Bolsonaro;0,3305;0,3534;0,3079;0,3761;2021-12-03
2020-09-06;2;0,309;Lula;0,2975;0,3204;0,2749;0,3431;2021-12-03
2020-09-13;2;0,309;Lula;0,2975;0,3204;0,2749;0,3431;2021-12-03
2020-09-20;2;0,309;Lula;0,2975;0,3204;0,2749;0,3431;2021-12-03
2020-09-27;2;0,309;Lula;0,2975;0,3204;0,2749;0,3431;2021-12-03
2020-10-04;2;0,309;Lula;0,2975;0,3204;0,2749;0,3431;2021-12-03
2020-10-11;2;0,31;Lula;0,2985;0,3214;0,2759;0,3441;2021-12-03
2020-10-18;2;0,309;Lula;0,2975;0,3204;0,2749;0,3431;2021-12-03
2020-10-25;2;0,309;Lula;0,2975;0,3204;0,2749;0,3431;2021-12-03
2020-11-01;2;0,309;Lula;0,2975;0,3204;0,2749;0,3431;2021-12-03
2020-11-08;2;0,309;Lula;0,2975;0,3204;0,2749;0,3431;2021-12-03
2020-11-15;2;0,309;Lula;0,2975;0,3204;0,2749;0,3431;2021-12-03
2020-11-22;2;0,309;Lula;0,2975;0,3204;0,2749;0,3431;2021-12-03
2020-11-29;2;0,309;Lula;0,2975;0,3204;0,2749;0,3431;2021-12-03
2020-12-06;2;0,309;Lula;0,2975;0,3204;0,2749;0,3431;2021-12-03
2020-12-13;2;0,309;Lula;0,2975;0,3204;0,2749;0,3431;2021-12-03
2020-12-20;2;0,309;Lula;0,2975;0,3204;0,2749;0,3431;2021-12-03
2020-12-27;2;0,309;Lula;0,2975;0,3204;0,2749;0,3431;2021-12-03
2021-01-03;2;0,309;Lula;0,2975;0,3204;0,2749;0,3431;2021-12-03
2021-01-10;2;0,309;Lula;0,2975;0,3204;0,2749;0,3431;2021-12-03
2021-01-17;2;0,309;Lula;0,2975;0,3204;0,2749;0,3431;2021-12-03
2021-01-24;2;0,309;Lula;0,2975;0,3204;0,2749;0,3431;2021-12-03
2021-01-31;2;0,309;Lula;0,2975;0,3204;0,2749;0,3431;2021-12-03
2021-02-07;2;0,309;Lula;0,2975;0,3204;0,2749;0,3431;2021-12-03
2021-02-14;2;0,309;Lula;0,2975;0,3204;0,2749;0,3431;2021-12-03
2021-02-21;2;0,309;Lula;0,2975;0,3204;0,2749;0,3431;2021-12-03
2021-02-28;2;0,309;Lula;0,2975;0,3204;0,2749;0,3431;2021-12-03
2021-03-07;2;0,309;Lula;0,2975;0,3204;0,2749;0,3431;2021-12-03
2021-03-14;2;0,383;Lula;0,3715;0,3944;0,3489;0,4171;2021-12-03
2021-03-21;2;0,386;Lula;0,3745;0,3974;0,3519;0,4201;2021-12-03
2021-03-28;2;0,387;Lula;0,3755;0,3984;0,3529;0,4211;2021-12-03
2021-04-04;2;0,386;Lula;0,3745;0,3974;0,3519;0,4201;2021-12-03
2021-04-11;2;0,386;Lula;0,3745;0,3974;0,3519;0,4201;2021-12-03
2021-04-18;2;0,431;Lula;0,4195;0,4424;0,3969;0,4651;2021-12-03
2021-04-25;2;0,431;Lula;0,4195;0,4424;0,3969;0,4651;2021-12-03
2021-05-02;2;0,431;Lula;0,4195;0,4424;0,3969;0,4651;2021-12-03
2021-05-09;2;0,431;Lula;0,4195;0,4424;0,3969;0,4651;2021-12-03
2021-05-16;2;0,431;Lula;0,4195;0,4424;0,3969;0,4651;2021-12-03
2021-05-23;2;0,431;Lula;0,4195;0,4424;0,3969;0,4651;2021-12-03
2021-05-30;2;0,431;Lula;0,4195;0,4424;0,3969;0,4651;2021-12-03
2021-06-06;2;0,441;Lula;0,4295;0,4524;0,4069;0,4751;2021-12-03
2021-06-13;2;0,423;Lula;0,4115;0,4344;0,3889;0,4571;2021-12-03
2021-06-20;2;0,424;Lula;0,4125;0,4354;0,3899;0,4581;2021-12-03
2021-06-27;2;0,442;Lula;0,4305;0,4534;0,4079;0,4761;2021-12-03
2021-07-04;2;0,46;Lula;0,4485;0,4714;0,4259;0,4941;2021-12-03
2021-07-11;2;0,503;Lula;0,4915;0,5144;0,4689;0,5371;2021-12-03
2021-07-18;2;0,52;Lula;0,5085;0,5314;0,4859;0,5541;2021-12-03
2021-07-25;2;0,52;Lula;0,5085;0,5314;0,4859;0,5541;2021-12-03
2021-08-01;2;0,534;Lula;0,5225;0,5454;0,4999;0,5681;2021-12-03
2021-08-08;2;0,546;Lula;0,5345;0,5574;0,5119;0,5801;2021-12-03
2021-08-15;2;0,546;Lula;0,5345;0,5574;0,5119;0,5801;2021-12-03
2021-08-22;2;0,535;Lula;0,5235;0,5464;0,5009;0,5691;2021-12-03
2021-08-29;2;0,537;Lula;0,5255;0,5484;0,5029;0,5711;2021-12-03
2021-09-05;2;0,537;Lula;0,5255;0,5484;0,5029;0,5711;2021-12-03
2021-09-12;2;0,537;Lula;0,5255;0,5484;0,5029;0,5711;2021-12-03
2021-09-19;2;0,53;Lula;0,5185;0,5414;0,4959;0,5641;2021-12-03
2021-09-26;2;0,523;Lula;0,5115;0,5344;0,4889;0,5571;2021-12-03
2021-10-03;2;0,517;Lula;0,5055;0,5284;0,4829;0,5511;2021-12-03
2021-10-10;2;0,51;Lula;0,4985;0,5214;0,4759;0,5441;2021-12-03
2021-10-17;2;0,51;Lula;0,4985;0,5214;0,4759;0,5441;2021-12-03
2021-10-24;2;0,521;Lula;0,5095;0,5324;0,4869;0,5551;2021-12-03
2021-10-31;2;0,52;Lula;0,5085;0,5314;0,4859;0,5541;2021-12-03
2021-11-07;2;0,51;Lula;0,4985;0,5214;0,4759;0,5441;2021-12-03
2021-11-14;2;0,517;Lula;0,5055;0,5284;0,4829;0,5511;2021-12-03
2021-11-21;2;0,521;Lula;0,5095;0,5324;0,4869;0,5551;2021-12-03
2021-11-28;2;0,517;Lula;0,5055;0,5284;0,4829;0,5511;2021-12-03
2021-12-05;2;0,518;Lula;0,5065;0,5294;0,4839;0,5521;2021-12-03
2021-12-12;2;0,515;Lula;0,5035;0,5264;0,4809;0,5491;2021-12-03
2021-12-19;2;0,515;Lula;0,5035;0,5264;0,4809;0,5491;2021-12-03
2020-09-06;2;0,06;Indecisos;0,0485;0,0714;0,0259;0,0941;2021-12-03
2020-09-13;2;0,06;Indecisos;0,0485;0,0714;0,0259;0,0941;2021-12-03
2020-09-20;2;0,06;Indecisos;0,0485;0,0714;0,0259;0,0941;2021-12-03
2020-09-27;2;0,06;Indecisos;0,0485;0,0714;0,0259;0,0941;2021-12-03
2020-10-04;2;0,06;Indecisos;0,0485;0,0714;0,0259;0,0941;2021-12-03
2020-10-11;2;0,06;Indecisos;0,0485;0,0714;0,0259;0,0941;2021-12-03
2020-10-18;2;0,06;Indecisos;0,0485;0,0714;0,0259;0,0941;2021-12-03
2020-10-25;2;0,06;Indecisos;0,0485;0,0714;0,0259;0,0941;2021-12-03
2020-11-01;2;0,06;Indecisos;0,0485;0,0714;0,0259;0,0941;2021-12-03
2020-11-08;2;0,06;Indecisos;0,0485;0,0714;0,0259;0,0941;2021-12-03
2020-11-15;2;0,06;Indecisos;0,0485;0,0714;0,0259;0,0941;2021-12-03
2020-11-22;2;0,06;Indecisos;0,0485;0,0714;0,0259;0,0941;2021-12-03
2020-11-29;2;0,06;Indecisos;0,0485;0,0714;0,0259;0,0941;2021-12-03
2020-12-06;2;0,06;Indecisos;0,0485;0,0714;0,0259;0,0941;2021-12-03
2020-12-13;2;0,06;Indecisos;0,0485;0,0714;0,0259;0,0941;2021-12-03
2020-12-20;2;0,06;Indecisos;0,0485;0,0714;0,0259;0,0941;2021-12-03
2020-12-27;2;0,06;Indecisos;0,0485;0,0714;0,0259;0,0941;2021-12-03
2021-01-03;2;0,06;Indecisos;0,0485;0,0714;0,0259;0,0941;2021-12-03
2021-01-10;2;0,06;Indecisos;0,0485;0,0714;0,0259;0,0941;2021-12-03
2021-01-17;2;0,06;Indecisos;0,0485;0,0714;0,0259;0,0941;2021-12-03
2021-01-24;2;0,06;Indecisos;0,0485;0,0714;0,0259;0,0941;2021-12-03
2021-01-31;2;0,06;Indecisos;0,0485;0,0714;0,0259;0,0941;2021-12-03
2021-02-07;2;0,06;Indecisos;0,0485;0,0714;0,0259;0,0941;2021-12-03
2021-02-14;2;0,06;Indecisos;0,0485;0,0714;0,0259;0,0941;2021-12-03
2021-02-21;2;0,06;Indecisos;0,0485;0,0714;0,0259;0,0941;2021-12-03
2021-02-28;2;0,06;Indecisos;0,0485;0,0714;0,0259;0,0941;2021-12-03
2021-03-07;2;0,06;Indecisos;0,0485;0,0714;0,0259;0,0941;2021-12-03
2021-03-14;2;0,06;Indecisos;0,0485;0,0714;0,0259;0,0941;2021-12-03
2021-03-21;2;0,06;Indecisos;0,0485;0,0714;0,0259;0,0941;2021-12-03
2021-03-28;2;0,06;Indecisos;0,0485;0,0714;0,0259;0,0941;2021-12-03
2021-04-04;2;0,06;Indecisos;0,0485;0,0714;0,0259;0,0941;2021-12-03
2021-04-11;2;0,06;Indecisos;0,0485;0,0714;0,0259;0,0941;2021-12-03
2021-04-18;2;0,06;Indecisos;0,0485;0,0714;0,0259;0,0941;2021-12-03
2021-04-25;2;0,06;Indecisos;0,0485;0,0714;0,0259;0,0941;2021-12-03
2021-05-02;2;0,06;Indecisos;0,0485;0,0714;0,0259;0,0941;2021-12-03
2021-05-09;2;0,06;Indecisos;0,0485;0,0714;0,0259;0,0941;2021-12-03
2021-05-16;2;0,06;Indecisos;0,0485;0,0714;0,0259;0,0941;2021-12-03
2021-05-23;2;0,06;Indecisos;0,0485;0,0714;0,0259;0,0941;2021-12-03
2021-05-30;2;0,06;Indecisos;0,0485;0,0714;0,0259;0,0941;2021-12-03
2021-06-06;2;0,06;Indecisos;0,0485;0,0714;0,0259;0,0941;2021-12-03
2021-06-13;2;0,06;Indecisos;0,0485;0,0714;0,0259;0,0941;2021-12-03
2021-06-20;2;0,06;Indecisos;0,0485;0,0714;0,0259;0,0941;2021-12-03
2021-06-27;2;0,099;Indecisos;0,0875;0,1104;0,0649;0,1331;2021-12-03
2021-07-11;2;0,036;Indecisos;0,0245;0,0474;0,0019;0,0701;2021-12-03
2021-07-18;2;0,01;Indecisos;0,001;0,0214;0,001;0,0441;2021-12-03
2021-07-25;2;0,01;Indecisos;0,001;0,0214;0,001;0,0441;2021-12-03
2021-08-01;2;0,039;Indecisos;0,0275;0,0504;0,0049;0,0731;2021-12-03
2021-08-08;2;0,039;Indecisos;0,0275;0,0504;0,0049;0,0731;2021-12-03
2021-08-15;2;0,039;Indecisos;0,0275;0,0504;0,0049;0,0731;2021-12-03
2021-08-22;2;0,035;Indecisos;0,0235;0,0464;0,000900000000000005;0,0691;2021-12-03
2021-08-29;2;0,018;Indecisos;0,0065;0,0294;0,001;0,0521;2021-12-03
2021-09-05;2;0,026;Indecisos;0,0145;0,0374;0,001;0,0601;2021-12-03
2021-09-12;2;0,026;Indecisos;0,0145;0,0374;0,001;0,0601;2021-12-03
2021-09-19;2;0,03;Indecisos;0,0185;0,0414;0,001;0,0641;2021-12-03
2021-09-26;2;0,032;Indecisos;0,0205;0,0434;0,001;0,0661;2021-12-03
2021-10-03;2;0,028;Indecisos;0,0165;0,0394;0,001;0,0621;2021-12-03
2021-10-10;2;0,032;Indecisos;0,0205;0,0434;0,001;0,0661;2021-12-03
2021-10-17;2;0,032;Indecisos;0,0205;0,0434;0,001;0,0661;2021-12-03
2021-10-24;2;0,031;Indecisos;0,0195;0,0424;0,001;0,0651;2021-12-03
2021-10-31;2;0,031;Indecisos;0,0195;0,0424;0,001;0,0651;2021-12-03
2021-11-07;2;0,03;Indecisos;0,0185;0,0414;0,001;0,0641;2021-12-03
2021-11-14;2;0,031;Indecisos;0,0195;0,0424;0,001;0,0651;2021-12-03
2021-11-21;2;0,035;Indecisos;0,0235;0,0464;0,000900000000000005;0,0691;2021-12-03
2021-11-28;2;0,041;Indecisos;0,0295;0,0524;0,0069;0,0751;2021-12-03
2021-12-05;2;0,043;Indecisos;0,0315;0,0544;0,0089;0,0771;2021-12-03
2021-12-12;2;0,044;Indecisos;0,0325;0,0554;0,0099;0,0781;2021-12-03
2021-12-19;2;0,043;Indecisos;0,0315;0,0544;0,0089;0,0771;2021-12-03
2020-09-06;2;0,21;Branco/Nulo;0,1985;0,2214;0,1759;0,2441;2021-12-03
2020-09-13;2;0,21;Branco/Nulo;0,1985;0,2214;0,1759;0,2441;2021-12-03
2020-09-20;2;0,21;Branco/Nulo;0,1985;0,2214;0,1759;0,2441;2021-12-03
2020-09-27;2;0,21;Branco/Nulo;0,1985;0,2214;0,1759;0,2441;2021-12-03
2020-10-04;2;0,21;Branco/Nulo;0,1985;0,2214;0,1759;0,2441;2021-12-03
2020-10-11;2;0,209;Branco/Nulo;0,1975;0,2204;0,1749;0,2431;2021-12-03
2020-10-18;2;0,21;Branco/Nulo;0,1985;0,2214;0,1759;0,2441;2021-12-03
2020-10-25;2;0,21;Branco/Nulo;0,1985;0,2214;0,1759;0,2441;2021-12-03
2020-11-01;2;0,21;Branco/Nulo;0,1985;0,2214;0,1759;0,2441;2021-12-03
2020-11-08;2;0,21;Branco/Nulo;0,1985;0,2214;0,1759;0,2441;2021-12-03
2020-11-15;2;0,21;Branco/Nulo;0,1985;0,2214;0,1759;0,2441;2021-12-03
2020-11-22;2;0,21;Branco/Nulo;0,1985;0,2214;0,1759;0,2441;2021-12-03
2020-11-29;2;0,21;Branco/Nulo;0,1985;0,2214;0,1759;0,2441;2021-12-03
2020-12-06;2;0,21;Branco/Nulo;0,1985;0,2214;0,1759;0,2441;2021-12-03
2020-12-13;2;0,21;Branco/Nulo;0,1985;0,2214;0,1759;0,2441;2021-12-03
2020-12-20;2;0,21;Branco/Nulo;0,1985;0,2214;0,1759;0,2441;2021-12-03
2020-12-27;2;0,21;Branco/Nulo;0,1985;0,2214;0,1759;0,2441;2021-12-03
2021-01-03;2;0,21;Branco/Nulo;0,1985;0,2214;0,1759;0,2441;2021-12-03
2021-01-10;2;0,21;Branco/Nulo;0,1985;0,2214;0,1759;0,2441;2021-12-03
2021-01-17;2;0,21;Branco/Nulo;0,1985;0,2214;0,1759;0,2441;2021-12-03
2021-01-24;2;0,21;Branco/Nulo;0,1985;0,2214;0,1759;0,2441;2021-12-03
2021-01-31;2;0,21;Branco/Nulo;0,1985;0,2214;0,1759;0,2441;2021-12-03
2021-02-07;2;0,21;Branco/Nulo;0,1985;0,2214;0,1759;0,2441;2021-12-03
2021-02-14;2;0,21;Branco/Nulo;0,1985;0,2214;0,1759;0,2441;2021-12-03
2021-02-21;2;0,21;Branco/Nulo;0,1985;0,2214;0,1759;0,2441;2021-12-03
2021-02-28;2;0,21;Branco/Nulo;0,1985;0,2214;0,1759;0,2441;2021-12-03
2021-03-07;2;0,21;Branco/Nulo;0,1985;0,2214;0,1759;0,2441;2021-12-03
2021-03-14;2;0,183;Branco/Nulo;0,1715;0,1944;0,1489;0,2171;2021-12-03
2021-03-21;2;0,183;Branco/Nulo;0,1715;0,1944;0,1489;0,2171;2021-12-03
2021-03-28;2;0,183;Branco/Nulo;0,1715;0,1944;0,1489;0,2171;2021-12-03
2021-04-04;2;0,183;Branco/Nulo;0,1715;0,1944;0,1489;0,2171;2021-12-03
2021-04-11;2;0,183;Branco/Nulo;0,1715;0,1944;0,1489;0,2171;2021-12-03
2021-04-18;2;0,183;Branco/Nulo;0,1715;0,1944;0,1489;0,2171;2021-12-03
2021-04-25;2;0,183;Branco/Nulo;0,1715;0,1944;0,1489;0,2171;2021-12-03
2021-05-02;2;0,183;Branco/Nulo;0,1715;0,1944;0,1489;0,2171;2021-12-03
2021-05-09;2;0,183;Branco/Nulo;0,1715;0,1944;0,1489;0,2171;2021-12-03
2021-05-16;2;0,183;Branco/Nulo;0,1715;0,1944;0,1489;0,2171;2021-12-03
2021-05-23;2;0,183;Branco/Nulo;0,1715;0,1944;0,1489;0,2171;2021-12-03
2021-05-30;2;0,183;Branco/Nulo;0,1715;0,1944;0,1489;0,2171;2021-12-03
2021-06-06;2;0,182;Branco/Nulo;0,1705;0,1934;0,1479;0,2161;2021-12-03
2021-06-13;2;0,185;Branco/Nulo;0,1735;0,1964;0,1509;0,2191;2021-12-03
2021-06-20;2;0,185;Branco/Nulo;0,1735;0,1964;0,1509;0,2191;2021-12-03
2021-06-27;2;0,158;Branco/Nulo;0,1465;0,1694;0,1239;0,1921;2021-12-03
2021-07-04;2;0,175;Branco/Nulo;0,1635;0,1864;0,1409;0,2091;2021-12-03
2021-07-11;2;0,12;Branco/Nulo;0,1085;0,1314;0,0859;0,1541;2021-12-03
2021-07-18;2;0,134;Branco/Nulo;0,1225;0,1454;0,0999;0,1681;2021-12-03
2021-07-25;2;0,134;Branco/Nulo;0,1225;0,1454;0,0999;0,1681;2021-12-03
2021-08-01;2;0,101;Branco/Nulo;0,0895;0,1124;0,0669;0,1351;2021-12-03
2021-08-08;2;0,092;Branco/Nulo;0,0805;0,1034;0,0579;0,1261;2021-12-03
2021-08-15;2;0,092;Branco/Nulo;0,0805;0,1034;0,0579;0,1261;2021-12-03
2021-08-22;2;0,09;Branco/Nulo;0,0785;0,1014;0,0559;0,1241;2021-12-03
2021-08-29;2;0,113;Branco/Nulo;0,1015;0,1244;0,0789;0,1471;2021-12-03
2021-09-05;2;0,11;Branco/Nulo;0,0985;0,1214;0,0759;0,1441;2021-12-03
2021-09-12;2;0,11;Branco/Nulo;0,0985;0,1214;0,0759;0,1441;2021-12-03
2021-09-19;2;0,119;Branco/Nulo;0,1075;0,1304;0,0849;0,1531;2021-12-03
2021-09-26;2;0,113;Branco/Nulo;0,1015;0,1244;0,0789;0,1471;2021-12-03
2021-10-03;2;0,125;Branco/Nulo;0,1135;0,1364;0,0909;0,1591;2021-12-03
2021-10-10;2;0,115;Branco/Nulo;0,1035;0,1264;0,0809;0,1491;2021-12-03
2021-10-17;2;0,115;Branco/Nulo;0,1035;0,1264;0,0809;0,1491;2021-12-03
2021-10-24;2;0,113;Branco/Nulo;0,1015;0,1244;0,0789;0,1471;2021-12-03
2021-10-31;2;0,1;Branco/Nulo;0,0885;0,1114;0,0659;0,1341;2021-12-03
2021-11-07;2;0,113;Branco/Nulo;0,1015;0,1244;0,0789;0,1471;2021-12-03
2021-11-14;2;0,115;Branco/Nulo;0,1035;0,1264;0,0809;0,1491;2021-12-03
2021-11-21;2;0,12;Branco/Nulo;0,1085;0,1314;0,0859;0,1541;2021-12-03
2021-11-28;2;0,126;Branco/Nulo;0,1145;0,1374;0,0919;0,1601;2021-12-03
2021-12-05;2;0,125;Branco/Nulo;0,1135;0,1364;0,0909;0,1591;2021-12-03
2021-12-12;2;0,12;Branco/Nulo;0,1085;0,1314;0,0859;0,1541;2021-12-03
2021-12-19;2;0,125;Branco/Nulo;0,1135;0,1364;0,0909;0,1591;2021-12-03
